paper,y_true,y_pred_RD,y_pred_RD_BT
"Andracchio, Charles R., and Thomas H. Cochran. Burning of Solids in Oxygen-Rich Environments in Normal and Reduced Gravity. NASA Technical Memorandum X-3055, National Aeronautics and Space Administration, May 1974",67.0,36.68975219310734,17.734538136803813
"Andracchio, Charles R., and Thomas H. Cochran. Burning of Solids in Oxygen-Rich Environments in Normal and Reduced Gravity. NASA Technical Memorandum X-3055, National Aeronautics and Space Administration, May 1974",55.0,31.201895823359497,30.110785002218368
"Andracchio, Charles R., and Thomas H. Cochran. Burning of Solids in Oxygen-Rich Environments in Normal and Reduced Gravity. NASA Technical Memorandum X-3055, National Aeronautics and Space Administration, May 1974",29.0,36.68975219310734,17.734538136803813
"Andracchio, Charles R., and Thomas H. Cochran. Burning of Solids in Oxygen-Rich Environments in Normal and Reduced Gravity. NASA Technical Memorandum X-3055, National Aeronautics and Space Administration, May 1974",20.0,31.201895823359497,30.110785002218368
"Andracchio, Charles R., and Thomas H. Cochran. Burning of Solids in Oxygen-Rich Environments in Normal and Reduced Gravity. NASA Technical Memorandum X-3055, National Aeronautics and Space Administration, May 1974",17.0,36.68975219310734,17.734538136803813
"Andracchio, Charles R., and Thomas H. Cochran. Burning of Solids in Oxygen-Rich Environments in Normal and Reduced Gravity. NASA Technical Memorandum X-3055, National Aeronautics and Space Administration, May 1974",9.0,31.201895823359497,30.110785002218368
"Andracchio, Charles R., and Thomas H. Cochran. Burning of Solids in Oxygen-Rich Environments in Normal and Reduced Gravity. NASA Technical Memorandum X-3055, National Aeronautics and Space Administration, May 1974",70.0,42.18289701262391,38.68480987347176
"Andracchio, Charles R., and Thomas H. Cochran. Burning of Solids in Oxygen-Rich Environments in Normal and Reduced Gravity. NASA Technical Memorandum X-3055, National Aeronautics and Space Administration, May 1974",55.0,36.2069493606148,30.92570037856459
"Andracchio, Charles R., and Thomas H. Cochran. Burning of Solids in Oxygen-Rich Environments in Normal and Reduced Gravity. NASA Technical Memorandum X-3055, National Aeronautics and Space Administration, May 1974",32.0,42.18289701262391,38.68480987347176
"Andracchio, Charles R., and Thomas H. Cochran. Burning of Solids in Oxygen-Rich Environments in Normal and Reduced Gravity. NASA Technical Memorandum X-3055, National Aeronautics and Space Administration, May 1974",20.0,36.2069493606148,30.92570037856459
"Andracchio, Charles R., and Thomas H. Cochran. Burning of Solids in Oxygen-Rich Environments in Normal and Reduced Gravity. NASA Technical Memorandum X-3055, National Aeronautics and Space Administration, May 1974",19.0,42.18289701262391,38.68480987347176
"Andracchio, Charles R., and Thomas H. Cochran. Burning of Solids in Oxygen-Rich Environments in Normal and Reduced Gravity. NASA Technical Memorandum X-3055, National Aeronautics and Space Administration, May 1974",12.0,36.2069493606148,30.92570037856459
"Andracchio, Charles R., and Thomas H. Cochran. Burning of Solids in Oxygen-Rich Environments in Normal and Reduced Gravity. NASA Technical Memorandum X-3055, National Aeronautics and Space Administration, May 1974",102.0,61.59977759517087,40.51608244718512
"Andracchio, Charles R., and Thomas H. Cochran. Burning of Solids in Oxygen-Rich Environments in Normal and Reduced Gravity. NASA Technical Memorandum X-3055, National Aeronautics and Space Administration, May 1974",97.0,60.58504744413281,40.051485576951045
"Andracchio, Charles R., and Thomas H. Cochran. Burning of Solids in Oxygen-Rich Environments in Normal and Reduced Gravity. NASA Technical Memorandum X-3055, National Aeronautics and Space Administration, May 1974",78.0,61.59977759517087,40.51608244718512
"Andracchio, Charles R., and Thomas H. Cochran. Burning of Solids in Oxygen-Rich Environments in Normal and Reduced Gravity. NASA Technical Memorandum X-3055, National Aeronautics and Space Administration, May 1974",49.0,60.58504744413281,40.051485576951045
"Andracchio, Charles R., and Thomas H. Cochran. Burning of Solids in Oxygen-Rich Environments in Normal and Reduced Gravity. NASA Technical Memorandum X-3055, National Aeronautics and Space Administration, May 1974",69.0,61.59977759517087,40.51608244718512
"Andracchio, Charles R., and Thomas H. Cochran. Burning of Solids in Oxygen-Rich Environments in Normal and Reduced Gravity. NASA Technical Memorandum X-3055, National Aeronautics and Space Administration, May 1974",36.0,60.58504744413281,40.051485576951045
"Kimzey, John Howard. ""Flammability During Weightlessness."" NASA Technical Memorandum NASA TM X-58001, May 1966.",15.24,44.39460723005102,67.28876641689833
"Kimzey, John Howard. ""Flammability During Weightlessness."" NASA Technical Memorandum NASA TM X-58001, May 1966.",17.78,47.167261371150744,57.99333605252021
"Kimzey, John Howard. ""Flammability During Weightlessness."" NASA Technical Memorandum NASA TM X-58001, May 1966.",2.032,25.718286649554443,48.55481618959926
"Kimzey, John Howard. ""Flammability During Weightlessness."" NASA Technical Memorandum NASA TM X-58001, May 1966.",3.81,37.168440603726864,49.201545409007515
"Kimzey, John Howard. ""Flammability During Weightlessness."" NASA Technical Memorandum NASA TM X-58001, May 1966.",5.08,7.780553472778459,19.92795310844754
"Kimzey, John Howard. ""Flammability During Weightlessness."" NASA Technical Memorandum NASA TM X-58001, May 1966.",10.16,10.165091177840015,21.401553275673656
"Kimzey, John Howard. ""Flammability During Weightlessness."" NASA Technical Memorandum NASA TM X-58001, May 1966.",2.54,3.9664126506806623,12.911958738018305
"Kimzey, John Howard. ""Flammability During Weightlessness."" NASA Technical Memorandum NASA TM X-58001, May 1966.",15.24,10.568324650403348,27.238083296412153
"Kimzey, John Howard. ""Flammability During Weightlessness."" NASA Technical Memorandum NASA TM X-58001, May 1966.",17.78,12.54681574721591,25.99347151455075
"Kimzey, John Howard. ""Flammability During Weightlessness."" NASA Technical Memorandum NASA TM X-58001, May 1966.",2.032,2.7268290825856596,15.215364053348273
"Kimzey, John Howard. ""Flammability During Weightlessness."" NASA Technical Memorandum NASA TM X-58001, May 1966.",3.81,2.07822623886907,10.659917104279826
"Kimzey, John Howard. ""Flammability During Weightlessness."" NASA Technical Memorandum NASA TM X-58001, May 1966.",1.016,0.22129793284587818,1.971489184866354
"Kimzey, John Howard. ""Flammability During Weightlessness."" NASA Technical Memorandum NASA TM X-58001, May 1966.",12.7,5.3085943443815236,1.0406494745686852
"Kimzey, John Howard. ""Flammability During Weightlessness."" NASA Technical Memorandum NASA TM X-58001, May 1966.",27.94,9.798361201156208,10.662388833047586
"Kimzey, John Howard. ""Flammability During Weightlessness."" NASA Technical Memorandum NASA TM X-58001, May 1966.",2.032,4.677938560500236,9.029197967380224
"Kumar, Vipin, et al. ""Flame spread over thin circular ducts."" Proceedings of the Combustion Institute 40.1-4 (2024): 105775.",6.063,8.057540616901395,7.800399561751436
"Kumar, Vipin, et al. ""Flame spread over thin circular ducts."" Proceedings of the Combustion Institute 40.1-4 (2024): 105775.",6.22,8.053967973906682,7.79718250200845
"Kumar, Vipin, et al. ""Flame spread over thin circular ducts."" Proceedings of the Combustion Institute 40.1-4 (2024): 105775.",5.685,8.053967973906682,7.79718250200845
"Kumar, Vipin, et al. ""Flame spread over thin circular ducts."" Proceedings of the Combustion Institute 40.1-4 (2024): 105775.",6.504,7.856518821069253,7.612188254145496
"Kumar, Vipin, et al. ""Flame spread over thin circular ducts."" Proceedings of the Combustion Institute 40.1-4 (2024): 105775.",7.512,7.856518821069253,7.612188254145496
"Kumar, Vipin, et al. ""Flame spread over thin circular ducts."" Proceedings of the Combustion Institute 40.1-4 (2024): 105775.",7.827,7.856518821069253,7.612188254145496
"Kumar, Vipin, et al. ""Flame spread over thin circular ducts."" Proceedings of the Combustion Institute 40.1-4 (2024): 105775.",6.787,7.675252784838721,7.427346646054235
"Kumar, Vipin, et al. ""Flame spread over thin circular ducts."" Proceedings of the Combustion Institute 40.1-4 (2024): 105775.",7.858,7.675252784838721,7.427346646054235
"Kumar, Vipin, et al. ""Flame spread over thin circular ducts."" Proceedings of the Combustion Institute 40.1-4 (2024): 105775.",8.142,7.675252784838721,7.427346646054235
"Kumar, Vipin, et al. ""Flame spread over thin circular ducts."" Proceedings of the Combustion Institute 40.1-4 (2024): 105775.",7.323,4.3790196038616855,9.484022982437578
"Kumar, Vipin, et al. ""Flame spread over thin circular ducts."" Proceedings of the Combustion Institute 40.1-4 (2024): 105775.",8.205,4.374753187929855,9.479917081956573
"Kumar, Vipin, et al. ""Flame spread over thin circular ducts."" Proceedings of the Combustion Institute 40.1-4 (2024): 105775.",8.016,4.3790196038616855,9.484022982437578
"Kumar, Vipin, et al. ""Flame spread over thin circular ducts."" Proceedings of the Combustion Institute 40.1-4 (2024): 105775.",6.882,4.312380577273977,9.4184927527248
"Kumar, Vipin, et al. ""Flame spread over thin circular ducts."" Proceedings of the Combustion Institute 40.1-4 (2024): 105775.",7.386,4.312380577273977,9.4184927527248
"Kumar, Vipin, et al. ""Flame spread over thin circular ducts."" Proceedings of the Combustion Institute 40.1-4 (2024): 105775.",7.197,4.312380577273977,9.4184927527248
"Kumar, Vipin, et al. ""Flame spread over thin circular ducts."" Proceedings of the Combustion Institute 40.1-4 (2024): 105775.",6.882,4.230128001290508,9.333143356234618
"Kumar, Vipin, et al. ""Flame spread over thin circular ducts."" Proceedings of the Combustion Institute 40.1-4 (2024): 105775.",7.323,4.233913269003671,9.33718860136475
"Kumar, Vipin, et al. ""Flame spread over thin circular ducts."" Proceedings of the Combustion Institute 40.1-4 (2024): 105775.",7.008,4.230128001290508,9.333143356234618
"Kumar, Vipin, et al. ""Flame spread over thin circular ducts."" Proceedings of the Combustion Institute 40.1-4 (2024): 105775.",6.913,4.139559186429965,9.23260818813352
"Kumar, Vipin, et al. ""Flame spread over thin circular ducts."" Proceedings of the Combustion Institute 40.1-4 (2024): 105775.",7.291,4.143032588584782,9.23660406252059
"Kumar, Vipin, et al. ""Flame spread over thin circular ducts."" Proceedings of the Combustion Institute 40.1-4 (2024): 105775.",6.598,4.139559186429965,9.23260818813352
"Kumar, Vipin, et al. ""Flame spread over thin circular ducts."" Proceedings of the Combustion Institute 40.1-4 (2024): 105775.",6.693,4.040814688775523,9.11371896122408
"Kumar, Vipin, et al. ""Flame spread over thin circular ducts."" Proceedings of the Combustion Institute 40.1-4 (2024): 105775.",7.228,4.040814688775523,9.11371896122408
"Kumar, Vipin, et al. ""Flame spread over thin circular ducts."" Proceedings of the Combustion Institute 40.1-4 (2024): 105775.",6.724,4.040814688775523,9.11371896122408
"Kumar, Vipin, et al. ""Flame spread over thin circular ducts."" Proceedings of the Combustion Institute 40.1-4 (2024): 105775.",6.283,3.930116175961494,8.96627664315048
"Kumar, Vipin, et al. ""Flame spread over thin circular ducts."" Proceedings of the Combustion Institute 40.1-4 (2024): 105775.",7.228,3.930116175961494,8.96627664315048
"Kumar, Vipin, et al. ""Flame spread over thin circular ducts."" Proceedings of the Combustion Institute 40.1-4 (2024): 105775.",6.661,3.924709913704238,8.958626563342666
"Kumar, Vipin, et al. ""Flame spread over thin circular ducts."" Proceedings of the Combustion Institute 40.1-4 (2024): 105775.",6.126,3.8247000809589142,8.8080664302724
"Kumar, Vipin, et al. ""Flame spread over thin circular ducts."" Proceedings of the Combustion Institute 40.1-4 (2024): 105775.",7.291,3.8223914668816663,8.804367452753707
"Kumar, Vipin, et al. ""Flame spread over thin circular ducts."" Proceedings of the Combustion Institute 40.1-4 (2024): 105775.",6.693,3.8223914668816663,8.804367452753707
"Kumar, Vipin, et al. ""Flame spread over thin circular ducts."" Proceedings of the Combustion Institute 40.1-4 (2024): 105775.",5.943,7.899673883515991,8.149557719844829
"Kumar, Vipin, et al. ""Flame spread over thin circular ducts."" Proceedings of the Combustion Institute 40.1-4 (2024): 105775.",6.1,7.899676264159657,8.14957222865917
"Kumar, Vipin, et al. ""Flame spread over thin circular ducts."" Proceedings of the Combustion Institute 40.1-4 (2024): 105775.",8.425,7.89933825680429,8.147535861349384
"Kumar, Vipin, et al. ""Flame spread over thin circular ducts."" Proceedings of the Combustion Institute 40.1-4 (2024): 105775.",6.891,7.892620844633694,8.113475703111014
"Kumar, Vipin, et al. ""Flame spread over thin circular ducts."" Proceedings of the Combustion Institute 40.1-4 (2024): 105775.",7.77,7.892641390235006,8.113567309902267
"Kumar, Vipin, et al. ""Flame spread over thin circular ducts."" Proceedings of the Combustion Institute 40.1-4 (2024): 105775.",8.65,7.892661918344833,8.113658893889204
"Kumar, Vipin, et al. ""Flame spread over thin circular ducts."" Proceedings of the Combustion Institute 40.1-4 (2024): 105775.",7.022,7.883290536241093,8.076133555205274
"Kumar, Vipin, et al. ""Flame spread over thin circular ducts."" Proceedings of the Combustion Institute 40.1-4 (2024): 105775.",8.404,7.882767229814167,8.074228170238285
"Kumar, Vipin, et al. ""Flame spread over thin circular ducts."" Proceedings of the Combustion Institute 40.1-4 (2024): 105775.",11.043,7.88246940835549,8.073150615128041
"Kumar, Vipin, et al. ""Flame spread over thin circular ducts."" Proceedings of the Combustion Institute 40.1-4 (2024): 105775.",7.592,11.715913479821552,8.887017287821573
"Kumar, Vipin, et al. ""Flame spread over thin circular ducts."" Proceedings of the Combustion Institute 40.1-4 (2024): 105775.",8.472,11.715348251705695,8.884722203284294
"Kumar, Vipin, et al. ""Flame spread over thin circular ducts."" Proceedings of the Combustion Institute 40.1-4 (2024): 105775.",11.174,11.712977868065572,8.87516769260336
"Kumar, Vipin, et al. ""Flame spread over thin circular ducts."" Proceedings of the Combustion Institute 40.1-4 (2024): 105775.",8.568,11.70162834352945,8.830907453065151
"Kumar, Vipin, et al. ""Flame spread over thin circular ducts."" Proceedings of the Combustion Institute 40.1-4 (2024): 105775.",10.359,11.700417281850404,8.826321685149681
"Kumar, Vipin, et al. ""Flame spread over thin circular ducts."" Proceedings of the Combustion Institute 40.1-4 (2024): 105775.",12.087,11.699190930769005,8.821703568918286
"Kumar, Vipin, et al. ""Flame spread over thin circular ducts."" Proceedings of the Combustion Institute 40.1-4 (2024): 105775.",8.318,11.689184607313184,8.78494055611326
"Kumar, Vipin, et al. ""Flame spread over thin circular ducts."" Proceedings of the Combustion Institute 40.1-4 (2024): 105775.",10.077,11.688652764031335,8.783030466932976
"Kumar, Vipin, et al. ""Flame spread over thin circular ducts."" Proceedings of the Combustion Institute 40.1-4 (2024): 105775.",12.025,11.687388371886737,8.778506521393412
"Kumar, Vipin, et al. ""Flame spread over thin circular ducts."" Proceedings of the Combustion Institute 40.1-4 (2024): 105775.",8.101,11.669604789385868,8.71726131639719
"Kumar, Vipin, et al. ""Flame spread over thin circular ducts."" Proceedings of the Combustion Institute 40.1-4 (2024): 105775.",10.143,11.668250094297058,8.71276650707347
"Kumar, Vipin, et al. ""Flame spread over thin circular ducts."" Proceedings of the Combustion Institute 40.1-4 (2024): 105775.",11.808,11.662692060336063,8.69455893005022
"Kumar, Vipin, et al. ""Flame spread over thin circular ducts."" Proceedings of the Combustion Institute 40.1-4 (2024): 105775.",8.009,11.643096501734433,8.633138203522089
"Kumar, Vipin, et al. ""Flame spread over thin circular ducts."" Proceedings of the Combustion Institute 40.1-4 (2024): 105775.",9.548,11.642429986412058,8.631119535359224
"Kumar, Vipin, et al. ""Flame spread over thin circular ducts."" Proceedings of the Combustion Institute 40.1-4 (2024): 105775.",11.528,11.640925045092667,8.626577565569729
"Kumar, Vipin, et al. ""Flame spread over thin circular ducts."" Proceedings of the Combustion Institute 40.1-4 (2024): 105775.",7.918,11.606988839778712,8.529531815570607
"Kumar, Vipin, et al. ""Flame spread over thin circular ducts."" Proceedings of the Combustion Institute 40.1-4 (2024): 105775.",8.861,11.607146749079622,8.52996158975985
"Kumar, Vipin, et al. ""Flame spread over thin circular ducts."" Proceedings of the Combustion Institute 40.1-4 (2024): 105775.",11.217,11.603505886368197,8.52009963021198
"Kumar, Vipin, et al. ""Flame spread over thin circular ducts."" Proceedings of the Combustion Institute 40.1-4 (2024): 105775.",7.671,11.563215847812536,8.416945230683304
"Kumar, Vipin, et al. ""Flame spread over thin circular ducts."" Proceedings of the Combustion Institute 40.1-4 (2024): 105775.",8.425,11.559954167700685,8.409027335006957
"Kumar, Vipin, et al. ""Flame spread over thin circular ducts."" Proceedings of the Combustion Institute 40.1-4 (2024): 105775.",10.31,11.559172812803784,8.407139315805246
"Li, Yanjun, et al. ""Experimental study of concurrent-flow flame spread over thin solids in confined space in 0."" Combustion and Flame 227 (2021): 39-51.",1.7,1.4995434676083914,1.6001032082366333
"Li, Yanjun, et al. ""Experimental study of concurrent-flow flame spread over thin solids in confined space in 0."" Combustion and Flame 227 (2021): 39-51.",1.2,1.4995434676083914,1.6001032082366333
"Li, Yanjun, et al. ""Experimental study of concurrent-flow flame spread over thin solids in confined space in 0."" Combustion and Flame 227 (2021): 39-51.",1.9,1.4995434676083914,1.6001032082366333
"Li, Yanjun, et al. ""Experimental study of concurrent-flow flame spread over thin solids in confined space in 0."" Combustion and Flame 227 (2021): 39-51.",2.2,1.4995434676083914,1.6001032082366333
"Li, Yanjun, et al. ""Experimental study of concurrent-flow flame spread over thin solids in confined space in 0."" Combustion and Flame 227 (2021): 39-51.",1.7,1.4995434676083914,1.6001032082366333
"Ma, Yuxuan, et al. ""Downward flame spread over electrical wires in quiescent low pressures: Similarity analysis and comparison with partial-gravity experiments."" Proceedings of the Combustion Institute 40.1-4 (2024): 105766.",7.0,1.3212819776909561,9.079294516260632
"Ma, Yuxuan, et al. ""Downward flame spread over electrical wires in quiescent low pressures: Similarity analysis and comparison with partial-gravity experiments."" Proceedings of the Combustion Institute 40.1-4 (2024): 105766.",10.0,1.4201978142822136,6.976683632319346
"Ma, Yuxuan, et al. ""Downward flame spread over electrical wires in quiescent low pressures: Similarity analysis and comparison with partial-gravity experiments."" Proceedings of the Combustion Institute 40.1-4 (2024): 105766.",11.5,1.6272748903969405,6.473246931666884
"Ma, Yuxuan, et al. ""Downward flame spread over electrical wires in quiescent low pressures: Similarity analysis and comparison with partial-gravity experiments."" Proceedings of the Combustion Institute 40.1-4 (2024): 105766.",12.0,1.8387089575395312,6.472747019817848
"Ma, Yuxuan, et al. ""Downward flame spread over electrical wires in quiescent low pressures: Similarity analysis and comparison with partial-gravity experiments."" Proceedings of the Combustion Institute 40.1-4 (2024): 105766.",12.0,2.082831958590966,6.5874562025131
"Ma, Yuxuan, et al. ""Downward flame spread over electrical wires in quiescent low pressures: Similarity analysis and comparison with partial-gravity experiments."" Proceedings of the Combustion Institute 40.1-4 (2024): 105766.",5.0,1.6757337516739734,11.522794834734134
"Ma, Yuxuan, et al. ""Downward flame spread over electrical wires in quiescent low pressures: Similarity analysis and comparison with partial-gravity experiments."" Proceedings of the Combustion Institute 40.1-4 (2024): 105766.",5.5,1.4199742732329605,6.974294341133314
"Ma, Yuxuan, et al. ""Downward flame spread over electrical wires in quiescent low pressures: Similarity analysis and comparison with partial-gravity experiments."" Proceedings of the Combustion Institute 40.1-4 (2024): 105766.",6.0,1.6269818056165448,6.471074627735052
"Ma, Yuxuan, et al. ""Downward flame spread over electrical wires in quiescent low pressures: Similarity analysis and comparison with partial-gravity experiments."" Proceedings of the Combustion Institute 40.1-4 (2024): 105766.",6.5,1.8382942566421865,6.47058584892271
"Ma, Yuxuan, et al. ""Downward flame spread over electrical wires in quiescent low pressures: Similarity analysis and comparison with partial-gravity experiments."" Proceedings of the Combustion Institute 40.1-4 (2024): 105766.",6.5,2.0822524777937237,6.585292845835417
"Ma, Yuxuan, et al. ""Downward flame spread over electrical wires in quiescent low pressures: Similarity analysis and comparison with partial-gravity experiments."" Proceedings of the Combustion Institute 40.1-4 (2024): 105766.",5.0,1.6757337516739734,11.522794834734134
"Ma, Yuxuan, et al. ""Downward flame spread over electrical wires in quiescent low pressures: Similarity analysis and comparison with partial-gravity experiments."" Proceedings of the Combustion Institute 40.1-4 (2024): 105766.",7.0,1.4199742732329605,6.974294341133314
"Ma, Yuxuan, et al. ""Downward flame spread over electrical wires in quiescent low pressures: Similarity analysis and comparison with partial-gravity experiments."" Proceedings of the Combustion Institute 40.1-4 (2024): 105766.",7.5,1.6269818056165448,6.471074627735052
"Ma, Yuxuan, et al. ""Downward flame spread over electrical wires in quiescent low pressures: Similarity analysis and comparison with partial-gravity experiments."" Proceedings of the Combustion Institute 40.1-4 (2024): 105766.",8.0,1.8382942566421865,6.47058584892271
"Ma, Yuxuan, et al. ""Downward flame spread over electrical wires in quiescent low pressures: Similarity analysis and comparison with partial-gravity experiments."" Proceedings of the Combustion Institute 40.1-4 (2024): 105766.",9.0,2.0822524777937237,6.585292845835417
"Ma, Yuxuan, et al. ""Downward flame spread over electrical wires in quiescent low pressures: Similarity analysis and comparison with partial-gravity experiments."" Proceedings of the Combustion Institute 40.1-4 (2024): 105766.",2.6,0.8822371142300862,4.107410622255876
"Ma, Yuxuan, et al. ""Downward flame spread over electrical wires in quiescent low pressures: Similarity analysis and comparison with partial-gravity experiments."" Proceedings of the Combustion Institute 40.1-4 (2024): 105766.",2.7,0.923350606872928,3.8310138953242587
"Ma, Yuxuan, et al. ""Downward flame spread over electrical wires in quiescent low pressures: Similarity analysis and comparison with partial-gravity experiments."" Proceedings of the Combustion Institute 40.1-4 (2024): 105766.",2.9,1.0585848200392647,3.4124642026790237
"Ma, Yuxuan, et al. ""Downward flame spread over electrical wires in quiescent low pressures: Similarity analysis and comparison with partial-gravity experiments."" Proceedings of the Combustion Institute 40.1-4 (2024): 105766.",2.7,1.1598927350994943,3.3896146809970995
"Ma, Yuxuan, et al. ""Downward flame spread over electrical wires in quiescent low pressures: Similarity analysis and comparison with partial-gravity experiments."" Proceedings of the Combustion Institute 40.1-4 (2024): 105766.",2.6,1.2727423256959436,3.4495888251046853
"Ma, Yuxuan, et al. ""Downward flame spread over electrical wires in quiescent low pressures: Similarity analysis and comparison with partial-gravity experiments."" Proceedings of the Combustion Institute 40.1-4 (2024): 105766.",1.7,0.8825364461127716,4.105745760303456
"Ma, Yuxuan, et al. ""Downward flame spread over electrical wires in quiescent low pressures: Similarity analysis and comparison with partial-gravity experiments."" Proceedings of the Combustion Institute 40.1-4 (2024): 105766.",1.8,0.9236696896813723,3.8293919352353556
"Ma, Yuxuan, et al. ""Downward flame spread over electrical wires in quiescent low pressures: Similarity analysis and comparison with partial-gravity experiments."" Proceedings of the Combustion Institute 40.1-4 (2024): 105766.",2.0,1.0588848813644294,3.4108618549967282
"Ma, Yuxuan, et al. ""Downward flame spread over electrical wires in quiescent low pressures: Similarity analysis and comparison with partial-gravity experiments."" Proceedings of the Combustion Institute 40.1-4 (2024): 105766.",1.9,1.1601114850692276,3.3879639789254927
"Ma, Yuxuan, et al. ""Downward flame spread over electrical wires in quiescent low pressures: Similarity analysis and comparison with partial-gravity experiments."" Proceedings of the Combustion Institute 40.1-4 (2024): 105766.",1.8,1.2728418920366575,3.447905141816947
"Ma, Yuxuan, et al. ""Downward flame spread over electrical wires in quiescent low pressures: Similarity analysis and comparison with partial-gravity experiments."" Proceedings of the Combustion Institute 40.1-4 (2024): 105766.",1.5,0.8432478101919307,4.465930255739609
"Ma, Yuxuan, et al. ""Downward flame spread over electrical wires in quiescent low pressures: Similarity analysis and comparison with partial-gravity experiments."" Proceedings of the Combustion Institute 40.1-4 (2024): 105766.",1.6,0.9236696896813723,3.8293919352353556
"Ma, Yuxuan, et al. ""Downward flame spread over electrical wires in quiescent low pressures: Similarity analysis and comparison with partial-gravity experiments."" Proceedings of the Combustion Institute 40.1-4 (2024): 105766.",2.0,1.0588848813644294,3.4108618549967282
"Ma, Yuxuan, et al. ""Downward flame spread over electrical wires in quiescent low pressures: Similarity analysis and comparison with partial-gravity experiments."" Proceedings of the Combustion Institute 40.1-4 (2024): 105766.",2.7,1.1601114850692276,3.3879639789254927
"Ma, Yuxuan, et al. ""Downward flame spread over electrical wires in quiescent low pressures: Similarity analysis and comparison with partial-gravity experiments."" Proceedings of the Combustion Institute 40.1-4 (2024): 105766.",2.5,1.2728418920366575,3.447905141816947
Nishizawa et al. (2003) Effect of Low External Flow on Flame Spreading over ETFE Wire under 0,1.9,5.892949433758795,3.6824424639670545
Nishizawa et al. (2003) Effect of Low External Flow on Flame Spreading over ETFE Wire under 0,3.0,5.81607465968734,3.689199980872405
Nishizawa et al. (2003) Effect of Low External Flow on Flame Spreading over ETFE Wire under 0,1.9,5.75056719020683,3.6925036107262357
Nishizawa et al. (2003) Effect of Low External Flow on Flame Spreading over ETFE Wire under 0,1.6,5.733654958028929,3.693039159744359
Nishizawa et al. (2003) Effect of Low External Flow on Flame Spreading over ETFE Wire under 0,1.7,5.646026865499149,3.6939931087544178
Nishizawa et al. (2003) Effect of Low External Flow on Flame Spreading over ETFE Wire under 0,1.8,5.553587710041887,3.692121520572984
Nishizawa et al. (2003) Effect of Low External Flow on Flame Spreading over ETFE Wire under 0,1.9,5.515365960391641,3.6905994700677507
Nishizawa et al. (2003) Effect of Low External Flow on Flame Spreading over ETFE Wire under 0,2.5,6.290179101454141,4.306307570058376
Nishizawa et al. (2003) Effect of Low External Flow on Flame Spreading over ETFE Wire under 0,3.2,6.21979598627742,4.312749997640518
Nishizawa et al. (2003) Effect of Low External Flow on Flame Spreading over ETFE Wire under 0,2.7,6.159909195988117,4.315583925506791
Nishizawa et al. (2003) Effect of Low External Flow on Flame Spreading over ETFE Wire under 0,2.6,6.159909195988117,4.315583925506791
Nishizawa et al. (2003) Effect of Low External Flow on Flame Spreading over ETFE Wire under 0,2.7,5.945060156767321,4.310951082504415
"Olson et al., Combust. Flame 156 (2009) 1214–1226",0.88,8.979553629571882,10.675692804609243
"Olson et al., Combust. Flame 156 (2009) 1214–1226",0.83,8.980055669959171,10.675917769431942
"Olson et al., Combust. Flame 156 (2009) 1214–1226",0.72,8.980055669959171,10.675917769431942
"Olson et al., Combust. Flame 156 (2009) 1214–1226",0.65,8.980055669959171,10.675917769431942
"Olson et al., Combust. Flame 156 (2009) 1214–1226",0.6,8.980055669959171,10.675917769431942
"Olson et al., Combust. Flame 156 (2009) 1214–1226",0.82,9.030294727243456,10.698504791802165
"Olson et al., Combust. Flame 156 (2009) 1214–1226",0.76,9.030294727243456,10.698504791802165
"Olson et al., Combust. Flame 156 (2009) 1214–1226",1.3,9.080597766485884,10.72127130911808
"Olson et al., Combust. Flame 156 (2009) 1214–1226",1.2,9.080597766485884,10.72127130911808
"Olson et al., Combust. Flame 156 (2009) 1214–1226",1.1,9.080597766485884,10.72127130911808
"Olson et al., Combust. Flame 156 (2009) 1214–1226",1.1,9.080597766485884,10.72127130911808
"Olson et al., Combust. Flame 156 (2009) 1214–1226",0.98,9.080597766485884,10.72127130911808
"Olson et al., Combust. Flame 156 (2009) 1214–1226",0.93,9.07556482145342,10.718986571379997
"Olson et al., Combust. Flame 156 (2009) 1214–1226",0.86,9.07556482145342,10.718986571379997
"Olson et al., Combust. Flame 156 (2009) 1214–1226",0.83,9.07556482145342,10.718986571379997
"Olson et al., Combust. Flame 156 (2009) 1214–1226",1.4,9.130956231156818,10.744217626510775
"Olson et al., Combust. Flame 156 (2009) 1214–1226",1.2,9.130956231156818,10.744217626510775
"Olson et al., Combust. Flame 156 (2009) 1214–1226",1.1,9.130956231156818,10.744217626510775
"Olson et al., Combust. Flame 156 (2009) 1214–1226",1.0,9.130956231156816,10.744217626510773
"Olson et al., Combust. Flame 156 (2009) 1214–1226",0.88,9.130956231156818,10.744217626510775
"Olson et al., Combust. Flame 156 (2009) 1214–1226",1.1,9.181360826243187,10.767344045882684
"Olson et al., Combust. Flame 156 (2009) 1214–1226",0.92,9.181360826243187,10.767344045882684
"Olson et al., Combust. Flame 156 (2009) 1214–1226",0.72,9.181360826243187,10.767344045882684
"Olson et al., Combust. Flame 156 (2009) 1214–1226",2.7,9.433698908241302,10.885688448759392
"Olson et al., Combust. Flame 156 (2009) 1214–1226",2.5,9.428652792084616,10.883277104863847
"Olson et al., Combust. Flame 156 (2009) 1214–1226",2.4,9.428652792084616,10.883277104863847
"Olson et al., Combust. Flame 156 (2009) 1214–1226",2.6,9.934460125164433,11.136082201960303
"Olson et al., Combust. Flame 156 (2009) 1214–1226",2.6,9.934460125164433,11.136082201960303
"Olson et al., Combust. Flame 156 (2009) 1214–1226",2.4,10.368883224908432,11.377372872174249
"Olson et al., Combust. Flame 156 (2009) 1214–1226",2.3,10.415551424742713,11.405132004723422
"Olson et al., Combust. Flame 156 (2009) 1214–1226",0.6,8.779884801981723,10.587358190700073
"Olson et al., Combust. Flame 156 (2009) 1214–1226",1.0,8.730068530231422,10.565663670013693
"Olson et al., Combust. Flame 156 (2009) 1214–1226",0.42,8.680352432392205,10.544146514406709
"Olson et al., Combust. Flame 156 (2009) 1214–1226",0.15,4.2355898564853804,13.20350580844465
"Olson et al., Combust. Flame 156 (2009) 1214–1226",0.0,4.2355898564853804,13.20350580844465
"Olson et al., Combust. Flame 156 (2009) 1214–1226",0.82,4.271948461898317,13.216938531428948
"Olson et al., Combust. Flame 156 (2009) 1214–1226",0.006,4.308722083774283,13.230326800178753
"Olson et al., Combust. Flame 156 (2009) 1214–1226",0.86,4.383520469855771,13.256968456255034
"Olson et al., Combust. Flame 156 (2009) 1214–1226",0.8,4.383520469855771,13.256968456255034
"Olson et al., Combust. Flame 156 (2009) 1214–1226",0.72,4.383520469855771,13.256968456255034
"Olson et al., Combust. Flame 156 (2009) 1214–1226",1.4,4.459996726060164,13.28342768121211
"Olson et al., Combust. Flame 156 (2009) 1214–1226",0.89,4.459996726060164,13.28342768121211
"Olson et al., Combust. Flame 156 (2009) 1214–1226",0.63,4.459996726060164,13.28342768121211
"Olson et al., Combust. Flame 156 (2009) 1214–1226",0.62,4.459996726060164,13.28342768121211
"Olson et al., Combust. Flame 156 (2009) 1214–1226",0.61,4.53816181606952,13.309701289008405
"Olson et al., Combust. Flame 156 (2009) 1214–1226",1.1,4.707850273353269,13.364257017563416
"Olson et al., Combust. Flame 156 (2009) 1214–1226",1.1,4.707850273353269,13.364257017563416
"Olson et al., Combust. Flame 156 (2009) 1214–1226",0.98,4.707850273353269,13.364257017563416
"Olson et al., Combust. Flame 156 (2009) 1214–1226",0.94,4.707850273353269,13.364257017563416
"Olson et al., Combust. Flame 156 (2009) 1214–1226",0.86,4.707850273353269,13.364257017563416
"Olson et al., Combust. Flame 156 (2009) 1214–1226",0.73,4.699598686507143,13.361678475900796
"Olson et al., Combust. Flame 156 (2009) 1214–1226",0.69,4.782888739237732,13.387375260135245
"Olson et al., Combust. Flame 156 (2009) 1214–1226",0.55,4.699598686507143,13.361678475900796
"Olson et al., Combust. Flame 156 (2009) 1214–1226",0.93,4.791312513532688,13.389934041203992
"Olson et al., Combust. Flame 156 (2009) 1214–1226",1.1,4.859324757543521,13.410332151813552
"Olson et al., Combust. Flame 156 (2009) 1214–1226",2.4,5.133370885803972,13.488134181433495
"Olson, S. L., and J. S. T’ien. “Near-Limit Flame Spread over a Thin Solid Fuel in 0.” Symposium (International) on Combustion, vol. 22, no. 1, 1988, pp. 1213–1222. The Combustion Institute.",5.027,5.507122863241498,5.769595091308708
"Olson, S. L., and J. S. T’ien. “Near-Limit Flame Spread over a Thin Solid Fuel in 0.” Symposium (International) on Combustion, vol. 22, no. 1, 1988, pp. 1213–1222. The Combustion Institute.",6.131,6.292740718717077,6.158768143809054
"Olson, S. L., and J. S. T’ien. “Near-Limit Flame Spread over a Thin Solid Fuel in 0.” Symposium (International) on Combustion, vol. 22, no. 1, 1988, pp. 1213–1222. The Combustion Institute.",7.553,8.277990948998559,7.453662108453846
"Olson, S. L., and J. S. T’ien. “Near-Limit Flame Spread over a Thin Solid Fuel in 0.” Symposium (International) on Combustion, vol. 22, no. 1, 1988, pp. 1213–1222. The Combustion Institute.",11.47,11.406818654851557,11.520202929606139
"Olson, S. L., and J. S. T’ien. “Near-Limit Flame Spread over a Thin Solid Fuel in 0.” Symposium (International) on Combustion, vol. 22, no. 1, 1988, pp. 1213–1222. The Combustion Institute.",14.15,15.225889714271261,16.004895516783908
"Olson, S. L., and J. S. T’ien. “Near-Limit Flame Spread over a Thin Solid Fuel in 0.” Symposium (International) on Combustion, vol. 22, no. 1, 1988, pp. 1213–1222. The Combustion Institute.",14.7,16.006458770488145,16.77329922555515
"Olson, S. L., and J. S. T’ien. “Near-Limit Flame Spread over a Thin Solid Fuel in 0.” Symposium (International) on Combustion, vol. 22, no. 1, 1988, pp. 1213–1222. The Combustion Institute.",15.33,16.006458770488145,16.77329922555515
"Olson, S. L., and J. S. T’ien. “Near-Limit Flame Spread over a Thin Solid Fuel in 0.” Symposium (International) on Combustion, vol. 22, no. 1, 1988, pp. 1213–1222. The Combustion Institute.",19.74,20.050130747866508,19.752463714487927
"Olson, S. L., and J. S. T’ien. “Near-Limit Flame Spread over a Thin Solid Fuel in 0.” Symposium (International) on Combustion, vol. 22, no. 1, 1988, pp. 1213–1222. The Combustion Institute.",30.6,24.06598815603925,24.27624497602035
"Olson, S. L., and J. S. T’ien. “Near-Limit Flame Spread over a Thin Solid Fuel in 0.” Symposium (International) on Combustion, vol. 22, no. 1, 1988, pp. 1213–1222. The Combustion Institute.",36.22,27.936552018594554,34.75135096073328
"Olson, S. L., and J. S. T’ien. “Near-Limit Flame Spread over a Thin Solid Fuel in 0.” Symposium (International) on Combustion, vol. 22, no. 1, 1988, pp. 1213–1222. The Combustion Institute.",43.42,30.336863842755765,43.48489297108309
"Olson, S. L., and J. S. T’ien. “Near-Limit Flame Spread over a Thin Solid Fuel in 0.” Symposium (International) on Combustion, vol. 22, no. 1, 1988, pp. 1213–1222. The Combustion Institute.",52.9,47.86094395913328,51.58106750381593
"Olson, S. L., and J. S. T’ien. “Near-Limit Flame Spread over a Thin Solid Fuel in 0.” Symposium (International) on Combustion, vol. 22, no. 1, 1988, pp. 1213–1222. The Combustion Institute.",77.04,54.30168719940691,55.02336126569276
"Olson, S. L., and J. S. T’ien. “Near-Limit Flame Spread over a Thin Solid Fuel in 0.” Symposium (International) on Combustion, vol. 22, no. 1, 1988, pp. 1213–1222. The Combustion Institute.",5.441,11.47990461021619,11.6178438143699
"Olson, S. L., and J. S. T’ien. “Near-Limit Flame Spread over a Thin Solid Fuel in 0.” Symposium (International) on Combustion, vol. 22, no. 1, 1988, pp. 1213–1222. The Combustion Institute.",5.711,10.205593744533656,11.650540423481386
"Olson, S. L., and J. S. T’ien. “Near-Limit Flame Spread over a Thin Solid Fuel in 0.” Symposium (International) on Combustion, vol. 22, no. 1, 1988, pp. 1213–1222. The Combustion Institute.",11.07,13.640285068383246,14.703843319931273
"Olson, S. L., and J. S. T’ien. “Near-Limit Flame Spread over a Thin Solid Fuel in 0.” Symposium (International) on Combustion, vol. 22, no. 1, 1988, pp. 1213–1222. The Combustion Institute.",12.83,15.977422109972403,15.854525322963038
"Olson, S. L., and J. S. T’ien. “Near-Limit Flame Spread over a Thin Solid Fuel in 0.” Symposium (International) on Combustion, vol. 22, no. 1, 1988, pp. 1213–1222. The Combustion Institute.",17.14,17.734529878740233,16.572526899868432
"Olson, S. L., and J. S. T’ien. “Near-Limit Flame Spread over a Thin Solid Fuel in 0.” Symposium (International) on Combustion, vol. 22, no. 1, 1988, pp. 1213–1222. The Combustion Institute.",17.96,17.68465130324906,16.53561101242359
"Olson, S. L., and J. S. T’ien. “Near-Limit Flame Spread over a Thin Solid Fuel in 0.” Symposium (International) on Combustion, vol. 22, no. 1, 1988, pp. 1213–1222. The Combustion Institute.",19.1,17.68465130324906,16.53561101242359
"Olson, S. L., and J. S. T’ien. “Near-Limit Flame Spread over a Thin Solid Fuel in 0.” Symposium (International) on Combustion, vol. 22, no. 1, 1988, pp. 1213–1222. The Combustion Institute.",21.84,20.288217019071464,20.547505297086627
"Olson, S. L., and J. S. T’ien. “Near-Limit Flame Spread over a Thin Solid Fuel in 0.” Symposium (International) on Combustion, vol. 22, no. 1, 1988, pp. 1213–1222. The Combustion Institute.",26.69,24.272970697051672,25.82924410443864
"Olson, S. L., and J. S. T’ien. “Near-Limit Flame Spread over a Thin Solid Fuel in 0.” Symposium (International) on Combustion, vol. 22, no. 1, 1988, pp. 1213–1222. The Combustion Institute.",27.58,23.932306705689488,25.436166893703184
"Olson, S. L., and J. S. T’ien. “Near-Limit Flame Spread over a Thin Solid Fuel in 0.” Symposium (International) on Combustion, vol. 22, no. 1, 1988, pp. 1213–1222. The Combustion Institute.",38.69,30.000742412542778,33.03211227684324
"Olson, S. L., and J. S. T’ien. “Near-Limit Flame Spread over a Thin Solid Fuel in 0.” Symposium (International) on Combustion, vol. 22, no. 1, 1988, pp. 1213–1222. The Combustion Institute.",46.62,42.44527193030328,40.68355056618791
"Olson, S. L., and J. S. T’ien. “Near-Limit Flame Spread over a Thin Solid Fuel in 0.” Symposium (International) on Combustion, vol. 22, no. 1, 1988, pp. 1213–1222. The Combustion Institute.",49.79,41.026987187082334,40.126027690999
"Olson, S. L., and J. S. T’ien. “Near-Limit Flame Spread over a Thin Solid Fuel in 0.” Symposium (International) on Combustion, vol. 22, no. 1, 1988, pp. 1213–1222. The Combustion Institute.",63.3,49.31656535383708,47.00060943703218
"Olson, S. L., and J. S. T’ien. “Near-Limit Flame Spread over a Thin Solid Fuel in 0.” Symposium (International) on Combustion, vol. 22, no. 1, 1988, pp. 1213–1222. The Combustion Institute.",73.83,52.92861556077153,50.77678026360011
"Olson, S. L., and J. S. T’ien. “Near-Limit Flame Spread over a Thin Solid Fuel in 0.” Symposium (International) on Combustion, vol. 22, no. 1, 1988, pp. 1213–1222. The Combustion Institute.",2.884,6.663906348558934,6.361581338515751
"Olson, S. L., and J. S. T’ien. “Near-Limit Flame Spread over a Thin Solid Fuel in 0.” Symposium (International) on Combustion, vol. 22, no. 1, 1988, pp. 1213–1222. The Combustion Institute.",3.287,6.480174081971365,6.259354528436392
"Olson, S. L., and J. S. T’ien. “Near-Limit Flame Spread over a Thin Solid Fuel in 0.” Symposium (International) on Combustion, vol. 22, no. 1, 1988, pp. 1213–1222. The Combustion Institute.",3.38,7.020338636491397,6.571676102881266
"Olson, S. L., and J. S. T’ien. “Near-Limit Flame Spread over a Thin Solid Fuel in 0.” Symposium (International) on Combustion, vol. 22, no. 1, 1988, pp. 1213–1222. The Combustion Institute.",6.008,11.553006932038258,11.714650219115041
"Olson, S. L., and J. S. T’ien. “Near-Limit Flame Spread over a Thin Solid Fuel in 0.” Symposium (International) on Combustion, vol. 22, no. 1, 1988, pp. 1213–1222. The Combustion Institute.",6.752,11.47990461021619,11.6178438143699
"Olson, S. L., and J. S. T’ien. “Near-Limit Flame Spread over a Thin Solid Fuel in 0.” Symposium (International) on Combustion, vol. 22, no. 1, 1988, pp. 1213–1222. The Combustion Institute.",8.53,15.4854950692869,16.266807571423005
"Olson, S. L., and J. S. T’ien. “Near-Limit Flame Spread over a Thin Solid Fuel in 0.” Symposium (International) on Combustion, vol. 22, no. 1, 1988, pp. 1213–1222. The Combustion Institute.",9.15,15.876477390177744,16.649358436021476
"Olson, S. L., and J. S. T’ien. “Near-Limit Flame Spread over a Thin Solid Fuel in 0.” Symposium (International) on Combustion, vol. 22, no. 1, 1988, pp. 1213–1222. The Combustion Institute.",9.454,15.355363320265354,16.136258174994726
"Olson, S. L., and J. S. T’ien. “Near-Limit Flame Spread over a Thin Solid Fuel in 0.” Symposium (International) on Combustion, vol. 22, no. 1, 1988, pp. 1213–1222. The Combustion Institute.",10.28,19.225575551390204,19.277987412872363
"Olson, S. L., and J. S. T’ien. “Near-Limit Flame Spread over a Thin Solid Fuel in 0.” Symposium (International) on Combustion, vol. 22, no. 1, 1988, pp. 1213–1222. The Combustion Institute.",12.06,20.17092696120261,19.82530594536385
"Olson, S. L., and J. S. T’ien. “Near-Limit Flame Spread over a Thin Solid Fuel in 0.” Symposium (International) on Combustion, vol. 22, no. 1, 1988, pp. 1213–1222. The Combustion Institute.",16.88,24.06598815603925,24.27624497602035
"Olson, S. L., and J. S. T’ien. “Near-Limit Flame Spread over a Thin Solid Fuel in 0.” Symposium (International) on Combustion, vol. 22, no. 1, 1988, pp. 1213–1222. The Combustion Institute.",17.69,23.789515940555443,24.0734195584381
"Olson, S. L., and J. S. T’ien. “Near-Limit Flame Spread over a Thin Solid Fuel in 0.” Symposium (International) on Combustion, vol. 22, no. 1, 1988, pp. 1213–1222. The Combustion Institute.",22.98,27.78034708189273,33.550622936727905
"Olson, S. L., and J. S. T’ien. “Near-Limit Flame Spread over a Thin Solid Fuel in 0.” Symposium (International) on Combustion, vol. 22, no. 1, 1988, pp. 1213–1222. The Combustion Institute.",29.31,30.506543250863967,43.68322913187912
"Olson, S. L., and J. S. T’ien. “Near-Limit Flame Spread over a Thin Solid Fuel in 0.” Symposium (International) on Combustion, vol. 22, no. 1, 1988, pp. 1213–1222. The Combustion Institute.",34.68,48.4226436048305,51.92759490352431
"Olson, S. L., and J. S. T’ien. “Near-Limit Flame Spread over a Thin Solid Fuel in 0.” Symposium (International) on Combustion, vol. 22, no. 1, 1988, pp. 1213–1222. The Combustion Institute.",38.44,54.30168719940691,55.02336126569276
"Olson, S. L., and J. S. T’ien. “Near-Limit Flame Spread over a Thin Solid Fuel in 0.” Symposium (International) on Combustion, vol. 22, no. 1, 1988, pp. 1213–1222. The Combustion Institute.",2.602,14.239190566988714,15.0625930126487
"Olson, S. L., and J. S. T’ien. “Near-Limit Flame Spread over a Thin Solid Fuel in 0.” Symposium (International) on Combustion, vol. 22, no. 1, 1988, pp. 1213–1222. The Combustion Institute.",3.729,15.977422109972403,15.854525322963038
"Olson, S. L., and J. S. T’ien. “Near-Limit Flame Spread over a Thin Solid Fuel in 0.” Symposium (International) on Combustion, vol. 22, no. 1, 1988, pp. 1213–1222. The Combustion Institute.",4.056,15.50745192801614,15.680234786941277
"Olson, S. L., and J. S. T’ien. “Near-Limit Flame Spread over a Thin Solid Fuel in 0.” Symposium (International) on Combustion, vol. 22, no. 1, 1988, pp. 1213–1222. The Combustion Institute.",4.711,17.219614523424013,16.273622789364623
"Olson, S. L., and J. S. T’ien. “Near-Limit Flame Spread over a Thin Solid Fuel in 0.” Symposium (International) on Combustion, vol. 22, no. 1, 1988, pp. 1213–1222. The Combustion Institute.",5.471,17.63452084212123,16.500550520477514
"Olson, S. L., and J. S. T’ien. “Near-Limit Flame Spread over a Thin Solid Fuel in 0.” Symposium (International) on Combustion, vol. 22, no. 1, 1988, pp. 1213–1222. The Combustion Institute.",6.266,17.43053050718339,16.37639266383207
"Olson, S. L., and J. S. T’ien. “Near-Limit Flame Spread over a Thin Solid Fuel in 0.” Symposium (International) on Combustion, vol. 22, no. 1, 1988, pp. 1213–1222. The Combustion Institute.",12.75,23.515098566784175,24.953864988217255
"Olson, S. L., and J. S. T’ien. “Near-Limit Flame Spread over a Thin Solid Fuel in 0.” Symposium (International) on Combustion, vol. 22, no. 1, 1988, pp. 1213–1222. The Combustion Institute.",14.2,23.87407498238927,25.369245742928467
"Olson, S. L., and J. S. T’ien. “Near-Limit Flame Spread over a Thin Solid Fuel in 0.” Symposium (International) on Combustion, vol. 22, no. 1, 1988, pp. 1213–1222. The Combustion Institute.",15.37,23.932306705689488,25.436166893703184
"Olson, S. L., and J. S. T’ien. “Near-Limit Flame Spread over a Thin Solid Fuel in 0.” Symposium (International) on Combustion, vol. 22, no. 1, 1988, pp. 1213–1222. The Combustion Institute.",19.88,29.40029811937723,32.473784989344004
"Olson, S. L., and J. S. T’ien. “Near-Limit Flame Spread over a Thin Solid Fuel in 0.” Symposium (International) on Combustion, vol. 22, no. 1, 1988, pp. 1213–1222. The Combustion Institute.",21.83,29.472620137087336,32.54037776796746
"Olson, S. L., and J. S. T’ien. “Near-Limit Flame Spread over a Thin Solid Fuel in 0.” Symposium (International) on Combustion, vol. 22, no. 1, 1988, pp. 1213–1222. The Combustion Institute.",22.56,42.334882476664006,40.63882038840318
"Olson, S. L., and J. S. T’ien. “Near-Limit Flame Spread over a Thin Solid Fuel in 0.” Symposium (International) on Combustion, vol. 22, no. 1, 1988, pp. 1213–1222. The Combustion Institute.",34.2,41.520910103389454,40.31699823504188
"Olson, S. L., and J. S. T’ien. “Near-Limit Flame Spread over a Thin Solid Fuel in 0.” Symposium (International) on Combustion, vol. 22, no. 1, 1988, pp. 1213–1222. The Combustion Institute.",33.72,49.67354513244557,47.489035676254865
"Olson, S. L., and J. S. T’ien. “Near-Limit Flame Spread over a Thin Solid Fuel in 0.” Symposium (International) on Combustion, vol. 22, no. 1, 1988, pp. 1213–1222. The Combustion Institute.",36.17,49.47523877034949,47.22158220188337
"Olson, S. L., and J. S. T’ien. “Near-Limit Flame Spread over a Thin Solid Fuel in 0.” Symposium (International) on Combustion, vol. 22, no. 1, 1988, pp. 1213–1222. The Combustion Institute.",45.69,52.92861556077153,50.77678026360011
"Olson, S. L., and J. S. T’ien. “Near-Limit Flame Spread over a Thin Solid Fuel in 0.” Symposium (International) on Combustion, vol. 22, no. 1, 1988, pp. 1213–1222. The Combustion Institute.",5.4,8.574067303450056,7.906963012268614
"Olson, S. L., and J. S. T’ien. “Near-Limit Flame Spread over a Thin Solid Fuel in 0.” Symposium (International) on Combustion, vol. 22, no. 1, 1988, pp. 1213–1222. The Combustion Institute.",8.7,8.647728311443597,8.437428038130813
"Olson, S. L., and J. S. T’ien. “Near-Limit Flame Spread over a Thin Solid Fuel in 0.” Symposium (International) on Combustion, vol. 22, no. 1, 1988, pp. 1213–1222. The Combustion Institute.",3.5,7.126848088317182,3.871345253466491
"Olson, S. L., and J. S. T’ien. “Near-Limit Flame Spread over a Thin Solid Fuel in 0.” Symposium (International) on Combustion, vol. 22, no. 1, 1988, pp. 1213–1222. The Combustion Institute.",4.0,7.2057031316216325,3.9554058270609698
"Olson, S. L., and J. S. T’ien. “Near-Limit Flame Spread over a Thin Solid Fuel in 0.” Symposium (International) on Combustion, vol. 22, no. 1, 1988, pp. 1213–1222. The Combustion Institute.",6.4,7.302110946072313,4.077232829913154
"Olson, S. L., and J. S. T’ien. “Near-Limit Flame Spread over a Thin Solid Fuel in 0.” Symposium (International) on Combustion, vol. 22, no. 1, 1988, pp. 1213–1222. The Combustion Institute.",2.1,6.143753841038791,3.3312582643989233
"Olson, S. L., and J. S. T’ien. “Near-Limit Flame Spread over a Thin Solid Fuel in 0.” Symposium (International) on Combustion, vol. 22, no. 1, 1988, pp. 1213–1222. The Combustion Institute.",2.7,6.251007109272569,3.3803585788451658
"Olson, S. L., and J. S. T’ien. “Near-Limit Flame Spread over a Thin Solid Fuel in 0.” Symposium (International) on Combustion, vol. 22, no. 1, 1988, pp. 1213–1222. The Combustion Institute.",3.6,6.41598147962833,3.4646140421324514
"Olson, S. L., and J. S. T’ien. “Near-Limit Flame Spread over a Thin Solid Fuel in 0.” Symposium (International) on Combustion, vol. 22, no. 1, 1988, pp. 1213–1222. The Combustion Institute.",1.9,5.268018929265375,3.04327138142577
"Olson, S. L., et al. “Mechanisms of 0 Flame Spread over a Thin Solid Fuel: Oxygen and Opposed Flow Effects.” Combustion Science and Technology, vol.76 (1991) 233–249",16.94,9.868471685817358,15.334054604106353
"Olson, S. L., et al. “Mechanisms of 0 Flame Spread over a Thin Solid Fuel: Oxygen and Opposed Flow Effects.” Combustion Science and Technology, vol.76 (1991) 233–249",20.2,9.917392039837376,15.46487458395828
"Olson, S. L., et al. “Mechanisms of 0 Flame Spread over a Thin Solid Fuel: Oxygen and Opposed Flow Effects.” Combustion Science and Technology, vol.76 (1991) 233–249",20.3,9.943632555714288,15.537533223228646
"Olson, S. L., et al. “Mechanisms of 0 Flame Spread over a Thin Solid Fuel: Oxygen and Opposed Flow Effects.” Combustion Science and Technology, vol.76 (1991) 233–249",19.59,9.977488850121905,15.63375260448264
"Olson, S. L., et al. “Mechanisms of 0 Flame Spread over a Thin Solid Fuel: Oxygen and Opposed Flow Effects.” Combustion Science and Technology, vol.76 (1991) 233–249",18.84,9.936605607552137,15.51790918540351
"Olson, S. L., et al. “Mechanisms of 0 Flame Spread over a Thin Solid Fuel: Oxygen and Opposed Flow Effects.” Combustion Science and Technology, vol.76 (1991) 233–249",18.88,10.075423140676804,15.926554179760837
"Olson, S. L., et al. “Mechanisms of 0 Flame Spread over a Thin Solid Fuel: Oxygen and Opposed Flow Effects.” Combustion Science and Technology, vol.76 (1991) 233–249",10.84,7.154947646838645,10.488155605317782
"Olson, S. L., et al. “Mechanisms of 0 Flame Spread over a Thin Solid Fuel: Oxygen and Opposed Flow Effects.” Combustion Science and Technology, vol.76 (1991) 233–249",11.4,7.262973579453927,10.663858210977411
"Olson, S. L., et al. “Mechanisms of 0 Flame Spread over a Thin Solid Fuel: Oxygen and Opposed Flow Effects.” Combustion Science and Technology, vol.76 (1991) 233–249",12.76,7.284043888705524,10.697008555763698
"Olson, S. L., et al. “Mechanisms of 0 Flame Spread over a Thin Solid Fuel: Oxygen and Opposed Flow Effects.” Combustion Science and Technology, vol.76 (1991) 233–249",14.85,7.4130232095815,10.892713411742877
"Olson, S. L., et al. “Mechanisms of 0 Flame Spread over a Thin Solid Fuel: Oxygen and Opposed Flow Effects.” Combustion Science and Technology, vol.76 (1991) 233–249",14.4,7.561582386894772,11.10446992518147
"Olson, S. L., et al. “Mechanisms of 0 Flame Spread over a Thin Solid Fuel: Oxygen and Opposed Flow Effects.” Combustion Science and Technology, vol.76 (1991) 233–249",14.17,7.513609558856123,11.037538725075322
"Olson, S. L., et al. “Mechanisms of 0 Flame Spread over a Thin Solid Fuel: Oxygen and Opposed Flow Effects.” Combustion Science and Technology, vol.76 (1991) 233–249",14.01,7.554133218130001,11.09416210020683
"Olson, S. L., et al. “Mechanisms of 0 Flame Spread over a Thin Solid Fuel: Oxygen and Opposed Flow Effects.” Combustion Science and Technology, vol.76 (1991) 233–249",13.27,7.673143059385318,11.255358845349516
"Olson, S. L., et al. “Mechanisms of 0 Flame Spread over a Thin Solid Fuel: Oxygen and Opposed Flow Effects.” Combustion Science and Technology, vol.76 (1991) 233–249",12.86,7.873107912154895,11.51182421226262
"Olson, S. L., et al. “Mechanisms of 0 Flame Spread over a Thin Solid Fuel: Oxygen and Opposed Flow Effects.” Combustion Science and Technology, vol.76 (1991) 233–249",3.065,5.659349378596856,7.252335310605987
"Olson, S. L., et al. “Mechanisms of 0 Flame Spread over a Thin Solid Fuel: Oxygen and Opposed Flow Effects.” Combustion Science and Technology, vol.76 (1991) 233–249",6.392,5.849722140349488,7.640781841796098
"Olson, S. L., et al. “Mechanisms of 0 Flame Spread over a Thin Solid Fuel: Oxygen and Opposed Flow Effects.” Combustion Science and Technology, vol.76 (1991) 233–249",8.447,5.980294092990589,7.888304480805114
"Olson, S. L., et al. “Mechanisms of 0 Flame Spread over a Thin Solid Fuel: Oxygen and Opposed Flow Effects.” Combustion Science and Technology, vol.76 (1991) 233–249",19.2,10.180658439506093,13.092286726744259
"Olson, S. L., et al. “Mechanisms of 0 Flame Spread over a Thin Solid Fuel: Oxygen and Opposed Flow Effects.” Combustion Science and Technology, vol.76 (1991) 233–249",18.8,10.097287264487118,15.994571620510586
"Olson, S. L., et al. “Mechanisms of 0 Flame Spread over a Thin Solid Fuel: Oxygen and Opposed Flow Effects.” Combustion Science and Technology, vol.76 (1991) 233–249",19.4,9.974845748852466,15.626143108300985
"Olson, S. L., et al. “Mechanisms of 0 Flame Spread over a Thin Solid Fuel: Oxygen and Opposed Flow Effects.” Combustion Science and Technology, vol.76 (1991) 233–249",15.6,9.867443419059352,15.331370886670623
"Olson, S. L., et al. “Mechanisms of 0 Flame Spread over a Thin Solid Fuel: Oxygen and Opposed Flow Effects.” Combustion Science and Technology, vol.76 (1991) 233–249",11.2,7.615776896675365,9.104352432278699
"Olson, S. L., et al. “Mechanisms of 0 Flame Spread over a Thin Solid Fuel: Oxygen and Opposed Flow Effects.” Combustion Science and Technology, vol.76 (1991) 233–249",13.2,7.65452878339576,11.230615369359711
"Olson, S. L., et al. “Mechanisms of 0 Flame Spread over a Thin Solid Fuel: Oxygen and Opposed Flow Effects.” Combustion Science and Technology, vol.76 (1991) 233–249",14.8,7.370530555673222,10.829551839219292
"Olson, S. L., et al. “Mechanisms of 0 Flame Spread over a Thin Solid Fuel: Oxygen and Opposed Flow Effects.” Combustion Science and Technology, vol.76 (1991) 233–249",10.8,7.103294423981316,10.400510229118277
"Olson, S. L., et al. “Mechanisms of 0 Flame Spread over a Thin Solid Fuel: Oxygen and Opposed Flow Effects.” Combustion Science and Technology, vol.76 (1991) 233–249",7.5,5.948864064708458,6.613357378146099
"Olson, S. L., et al. “Mechanisms of 0 Flame Spread over a Thin Solid Fuel: Oxygen and Opposed Flow Effects.” Combustion Science and Technology, vol.76 (1991) 233–249",7.3,6.195880353291955,8.26835918301443
"Olson, S. L., et al. “Mechanisms of 0 Flame Spread over a Thin Solid Fuel: Oxygen and Opposed Flow Effects.” Combustion Science and Technology, vol.76 (1991) 233–249",8.3,5.934532793750536,7.803166843431367
"Olson, S. L., et al. “Mechanisms of 0 Flame Spread over a Thin Solid Fuel: Oxygen and Opposed Flow Effects.” Combustion Science and Technology, vol.76 (1991) 233–249",3.0,5.644882826028278,7.221346131200425
"Olson, Sandra L., et al. “Flame Spread: Effects of 0 and Scale.” Combustion and Flame, vol. 212, 2020, pp. 472–483.",5.29,8.987020614882468,8.740379198569437
"Olson, Sandra L., et al. “Flame Spread: Effects of 0 and Scale.” Combustion and Flame, vol. 212, 2020, pp. 472–483.",2.89,9.390341159871346,9.172575334345895
"Olson, Sandra L., et al. “Flame Spread: Effects of 0 and Scale.” Combustion and Flame, vol. 212, 2020, pp. 472–483.",1.87,9.532489344599059,9.331214707004046
"Olson, Sandra L., et al. “Flame Spread: Effects of 0 and Scale.” Combustion and Flame, vol. 212, 2020, pp. 472–483.",1.36,9.575156696346847,9.379701606769506
"Olson, Sandra L., et al. “Flame Spread: Effects of 0 and Scale.” Combustion and Flame, vol. 212, 2020, pp. 472–483.",1.16,9.61380171281966,9.42400470658122
"Olson, Sandra L., et al. “Flame Spread: Effects of 0 and Scale.” Combustion and Flame, vol. 212, 2020, pp. 472–483.",3.14,9.118397919278044,8.878886701342386
"Olson, Sandra L., et al. “Flame Spread: Effects of 0 and Scale.” Combustion and Flame, vol. 212, 2020, pp. 472–483.",2.09,9.366685431561622,9.146563315565874
"Olson, Sandra L., et al. “Flame Spread: Effects of 0 and Scale.” Combustion and Flame, vol. 212, 2020, pp. 472–483.",0.558,9.705019251293493,9.530165011559513
"Olson, Sandra L., et al. “Flame Spread: Effects of 0 and Scale.” Combustion and Flame, vol. 212, 2020, pp. 472–483.",0.857,9.723863579245997,9.552394476771536
"Olson, Sandra L., et al. “Flame Spread: Effects of 0 and Scale.” Combustion and Flame, vol. 212, 2020, pp. 472–483.",1.0,9.7688075641587,9.605854672132082
"Olson, Sandra L., et al. “Flame Spread: Effects of 0 and Scale.” Combustion and Flame, vol. 212, 2020, pp. 472–483.",1.14,9.849898421329716,9.703995932366887
"Olson, Sandra L., et al. “Flame Spread: Effects of 0 and Scale.” Combustion and Flame, vol. 212, 2020, pp. 472–483.",1.13,9.93673567795898,9.811731647079593
"Olson, Sandra L., et al. “Flame Spread: Effects of 0 and Scale.” Combustion and Flame, vol. 212, 2020, pp. 472–483.",1.41,9.91897143428464,9.789455533883986
"Olson, Sandra L., et al. “Flame Spread: Effects of 0 and Scale.” Combustion and Flame, vol. 212, 2020, pp. 472–483.",1.53,9.954691618351907,9.834377370170106
"Olson, Sandra L., et al. “Flame Spread: Effects of 0 and Scale.” Combustion and Flame, vol. 212, 2020, pp. 472–483.",1.57,10.205132228167866,10.16544517791661
"Olson, Sandra L., et al. “Flame Spread: Effects of 0 and Scale.” Combustion and Flame, vol. 212, 2020, pp. 472–483.",1.16,10.811910238214637,11.125246361554264
"Olson, Sandra L., et al. “Flame Spread: Effects of 0 and Scale.” Combustion and Flame, vol. 212, 2020, pp. 472–483.",2.28,16.972181436326515,7.748889185440745
"Olson, Sandra L., et al. “Flame Spread: Effects of 0 and Scale.” Combustion and Flame, vol. 212, 2020, pp. 472–483.",1.72,16.996750759812322,7.803086245652409
"Olson, Sandra L., et al. “Flame Spread: Effects of 0 and Scale.” Combustion and Flame, vol. 212, 2020, pp. 472–483.",1.23,17.205266261976522,8.37862819198263
"Olson, Sandra L., et al. “Flame Spread: Effects of 0 and Scale.” Combustion and Flame, vol. 212, 2020, pp. 472–483.",0.94,17.23218613567804,8.466286454776908
"Olson, Sandra L., et al. “Flame Spread: Effects of 0 and Scale.” Combustion and Flame, vol. 212, 2020, pp. 472–483.",2.54,8.176376229099496,4.811095791876366
"Olson, Sandra L., et al. “Flame Spread: Effects of 0 and Scale.” Combustion and Flame, vol. 212, 2020, pp. 472–483.",2.04,8.203684975008802,4.9542013728545875
"Takahashi, Shuhei, et al. 'Effect of Ambient Gas on Flame Spread over a Solid Material in 0.' J. Jpn. Soc. 0 Appl. 24.3 (2007): 225–230.",12.0,3.363187088199907,6.218362892434884
"Takahashi, Shuhei, et al. 'Effect of Ambient Gas on Flame Spread over a Solid Material in 0.' J. Jpn. Soc. 0 Appl. 24.3 (2007): 225–230.",10.8,2.704457840821854,14.716427351677979
"Takahashi, Shuhei, et al. 'Effect of Ambient Gas on Flame Spread over a Solid Material in 0.' J. Jpn. Soc. 0 Appl. 24.3 (2007): 225–230.",10.5,3.363187088199907,6.218362892434884
"Takahashi, Shuhei, et al. 'Effect of Ambient Gas on Flame Spread over a Solid Material in 0.' J. Jpn. Soc. 0 Appl. 24.3 (2007): 225–230.",8.3,6.818695264965681,12.018366617999202
"Takahashi, Shuhei, et al. 'Effect of Ambient Gas on Flame Spread over a Solid Material in 0.' J. Jpn. Soc. 0 Appl. 24.3 (2007): 225–230.",5.3,4.866427080655587,11.810979857423705
"Takahashi, Shuhei, et al. 'Effect of Ambient Gas on Flame Spread over a Solid Material in 0.' J. Jpn. Soc. 0 Appl. 24.3 (2007): 225–230.",8.3,-0.9858039345771616,-5.713449438411383
"Takahashi, Shuhei, et al. 'Effect of Ambient Gas on Flame Spread over a Solid Material in 0.' J. Jpn. Soc. 0 Appl. 24.3 (2007): 225–230.",7.4,-0.9858039345771616,-5.713449438411383
"Takahashi, Shuhei, et al. 'Effect of Ambient Gas on Flame Spread over a Solid Material in 0.' J. Jpn. Soc. 0 Appl. 24.3 (2007): 225–230.",7.3,6.272375329712382,0.8005568178136484
"Takahashi, Shuhei, et al. 'Effect of Ambient Gas on Flame Spread over a Solid Material in 0.' J. Jpn. Soc. 0 Appl. 24.3 (2007): 225–230.",6.8,6.272375329712382,0.8005568178136484
"Takahashi, Shuhei, et al. 'Effect of Ambient Gas on Flame Spread over a Solid Material in 0.' J. Jpn. Soc. 0 Appl. 24.3 (2007): 225–230.",5.0,5.970107569595639,7.383741142320317
"Takahashi, Shuhei, et al. 'Effect of Ambient Gas on Flame Spread over a Solid Material in 0.' J. Jpn. Soc. 0 Appl. 24.3 (2007): 225–230.",1.7,4.101821770460834,5.481169693619159
"Takahashi, Shuhei, et al. 'Effect of Ambient Gas on Flame Spread over a Solid Material in 0.' J. Jpn. Soc. 0 Appl. 24.3 (2007): 225–230.",3.2,4.458865543675778,4.517984028799985
"Takahashi, Shuhei, et al. 'Effect of Ambient Gas on Flame Spread over a Solid Material in 0.' J. Jpn. Soc. 0 Appl. 24.3 (2007): 225–230.",2.0,4.337918769211528,0.4541743674960117
"Takahashi, Shuhei, et al. 'Effect of Ambient Gas on Flame Spread over a Solid Material in 0.' J. Jpn. Soc. 0 Appl. 24.3 (2007): 225–230.",1.6,4.337918769211528,0.4541743674960117
"Takahashi, Shuhei, et al. 'Effect of Ambient Gas on Flame Spread over a Solid Material in 0.' J. Jpn. Soc. 0 Appl. 24.3 (2007): 225–230.",1.4,-5.195411991533561,-23.56936967292298
"Takahashi, Shuhei, et al. 'Effect of Ambient Gas on Flame Spread over a Solid Material in 0.' J. Jpn. Soc. 0 Appl. 24.3 (2007): 225–230.",0.1,-9.869948512464344,-1.1498551906540009
"Takahashi, Shuhei, et al. 'Effect of Ambient Gas on Flame Spread over a Solid Material in 0.' J. Jpn. Soc. 0 Appl. 24.3 (2007): 225–230.",5.037,2.860733040184452,15.476185405957715
"Takahashi, Shuhei, et al. 'Effect of Ambient Gas on Flame Spread over a Solid Material in 0.' J. Jpn. Soc. 0 Appl. 24.3 (2007): 225–230.",3.534,2.8296224329218247,15.35522527601513
"Takahashi, Shuhei, et al. 'Effect of Ambient Gas on Flame Spread over a Solid Material in 0.' J. Jpn. Soc. 0 Appl. 24.3 (2007): 225–230.",2.923,2.79993897139759,15.230766103459892
"Takahashi, Shuhei, et al. 'Effect of Ambient Gas on Flame Spread over a Solid Material in 0.' J. Jpn. Soc. 0 Appl. 24.3 (2007): 225–230.",2.735,2.79993897139759,15.230766103459892
"Takahashi, Shuhei, et al. 'Effect of Ambient Gas on Flame Spread over a Solid Material in 0.' J. Jpn. Soc. 0 Appl. 24.3 (2007): 225–230.",2.767,2.77346652046083,15.109954394729339
"Takahashi, Shuhei, et al. 'Effect of Ambient Gas on Flame Spread over a Solid Material in 0.' J. Jpn. Soc. 0 Appl. 24.3 (2007): 225–230.",2.579,2.77346652046083,15.109954394729339
"Takahashi, Shuhei, et al. 'Effect of Ambient Gas on Flame Spread over a Solid Material in 0.' J. Jpn. Soc. 0 Appl. 24.3 (2007): 225–230.",3.346,2.77346652046083,15.109954394729339
"Takahashi, Shuhei, et al. 'Effect of Ambient Gas on Flame Spread over a Solid Material in 0.' J. Jpn. Soc. 0 Appl. 24.3 (2007): 225–230.",2.704,2.749682044451025,14.990661891878965
"Takahashi, Shuhei, et al. 'Effect of Ambient Gas on Flame Spread over a Solid Material in 0.' J. Jpn. Soc. 0 Appl. 24.3 (2007): 225–230.",2.563,2.749682044451025,14.990661891878965
"Takahashi, Shuhei, et al. 'Effect of Ambient Gas on Flame Spread over a Solid Material in 0.' J. Jpn. Soc. 0 Appl. 24.3 (2007): 225–230.",3.706,2.728623377809816,14.873049808858383
"Takahashi, Shuhei, et al. 'Effect of Ambient Gas on Flame Spread over a Solid Material in 0.' J. Jpn. Soc. 0 Appl. 24.3 (2007): 225–230.",4.301,2.728623377809816,14.873049808858383
"Takahashi, Shuhei, et al. 'Effect of Ambient Gas on Flame Spread over a Solid Material in 0.' J. Jpn. Soc. 0 Appl. 24.3 (2007): 225–230.",4.787,2.7103185465773247,14.757267778784634
"Takahashi, Shuhei, et al. 'Effect of Ambient Gas on Flame Spread over a Solid Material in 0.' J. Jpn. Soc. 0 Appl. 24.3 (2007): 225–230.",5.538,2.694784685550592,14.64344652423383
"Takahashi, Shuhei, et al. 'Effect of Ambient Gas on Flame Spread over a Solid Material in 0.' J. Jpn. Soc. 0 Appl. 24.3 (2007): 225–230.",4.066,5.339687721519739,11.891898764387477
"Takahashi, Shuhei, et al. 'Effect of Ambient Gas on Flame Spread over a Solid Material in 0.' J. Jpn. Soc. 0 Appl. 24.3 (2007): 225–230.",3.456,5.271914845396214,11.874562492436358
"Takahashi, Shuhei, et al. 'Effect of Ambient Gas on Flame Spread over a Solid Material in 0.' J. Jpn. Soc. 0 Appl. 24.3 (2007): 225–230.",2.814,5.2028105889243115,11.859198725324951
"Takahashi, Shuhei, et al. 'Effect of Ambient Gas on Flame Spread over a Solid Material in 0.' J. Jpn. Soc. 0 Appl. 24.3 (2007): 225–230.",2.673,5.128432522246794,11.844994750094514
"Takahashi, Shuhei, et al. 'Effect of Ambient Gas on Flame Spread over a Solid Material in 0.' J. Jpn. Soc. 0 Appl. 24.3 (2007): 225–230.",3.706,5.052976681476856,11.832805595433358
"Takahashi, Shuhei, et al. 'Effect of Ambient Gas on Flame Spread over a Solid Material in 0.' J. Jpn. Soc. 0 Appl. 24.3 (2007): 225–230.",4.035,5.052976681476856,11.832805595433358
"Takahashi, Shuhei, et al. 'Effect of Ambient Gas on Flame Spread over a Solid Material in 0.' J. Jpn. Soc. 0 Appl. 24.3 (2007): 225–230.",4.254,4.975240933320591,11.82236099542482
"Takahashi, Shuhei, et al. 'Effect of Ambient Gas on Flame Spread over a Solid Material in 0.' J. Jpn. Soc. 0 Appl. 24.3 (2007): 225–230.",5.006,4.893866189007322,11.813514601431082
"Takahashi, Shuhei, et al. 'Effect of Ambient Gas on Flame Spread over a Solid Material in 0.' J. Jpn. Soc. 0 Appl. 24.3 (2007): 225–230.",5.053,4.813610876837737,11.806701485939163
"Takahashi, Shuhei, et al. 'Effect of Ambient Gas on Flame Spread over a Solid Material in 0.' J. Jpn. Soc. 0 Appl. 24.3 (2007): 225–230.",3.769,3.615505962607209,6.467162171935422
"Takahashi, Shuhei, et al. 'Effect of Ambient Gas on Flame Spread over a Solid Material in 0.' J. Jpn. Soc. 0 Appl. 24.3 (2007): 225–230.",3.362,3.5751399659728005,6.433472990910596
"Takahashi, Shuhei, et al. 'Effect of Ambient Gas on Flame Spread over a Solid Material in 0.' J. Jpn. Soc. 0 Appl. 24.3 (2007): 225–230.",3.158,3.5341282037595847,6.396944240741462
"Takahashi, Shuhei, et al. 'Effect of Ambient Gas on Flame Spread over a Solid Material in 0.' J. Jpn. Soc. 0 Appl. 24.3 (2007): 225–230.",3.221,3.534886523095903,6.397641142771228
"Takahashi, Shuhei, et al. 'Effect of Ambient Gas on Flame Spread over a Solid Material in 0.' J. Jpn. Soc. 0 Appl. 24.3 (2007): 225–230.",2.281,3.4940864135437932,6.35897552921816
"Takahashi, Shuhei, et al. 'Effect of Ambient Gas on Flame Spread over a Solid Material in 0.' J. Jpn. Soc. 0 Appl. 24.3 (2007): 225–230.",3.268,3.4558420789560134,6.320534859680101
"Takahashi, Shuhei, et al. 'Effect of Ambient Gas on Flame Spread over a Solid Material in 0.' J. Jpn. Soc. 0 Appl. 24.3 (2007): 225–230.",3.55,3.4550951019799827,6.319762592443094
"Takahashi, Shuhei, et al. 'Effect of Ambient Gas on Flame Spread over a Solid Material in 0.' J. Jpn. Soc. 0 Appl. 24.3 (2007): 225–230.",4.207,3.415752187290555,6.277912870896972
"Takahashi, Shuhei, et al. 'Effect of Ambient Gas on Flame Spread over a Solid Material in 0.' J. Jpn. Soc. 0 Appl. 24.3 (2007): 225–230.",4.505,3.376179379339595,6.233471357777065
"Takahashi, Shuhei, et al. 'Effect of Ambient Gas on Flame Spread over a Solid Material in 0.' J. Jpn. Soc. 0 Appl. 24.3 (2007): 225–230.",4.223,3.3769073725941574,6.234310332117543
"Takahashi, Shuhei, et al. 'Effect of Ambient Gas on Flame Spread over a Solid Material in 0.' J. Jpn. Soc. 0 Appl. 24.3 (2007): 225–230.",4.849,3.3379415579369005,6.1882698190819445
"Takahashi, Shuhei, et al. 'Effect of Ambient Gas on Flame Spread over a Solid Material in 0.' J. Jpn. Soc. 0 Appl. 24.3 (2007): 225–230.",3.503,6.9307287616113005,12.097747350440681
"Takahashi, Shuhei, et al. 'Effect of Ambient Gas on Flame Spread over a Solid Material in 0.' J. Jpn. Soc. 0 Appl. 24.3 (2007): 225–230.",3.706,6.912058809910965,12.081727511608346
"Takahashi, Shuhei, et al. 'Effect of Ambient Gas on Flame Spread over a Solid Material in 0.' J. Jpn. Soc. 0 Appl. 24.3 (2007): 225–230.",3.456,6.893815518933822,12.067209521978114
"Takahashi, Shuhei, et al. 'Effect of Ambient Gas on Flame Spread over a Solid Material in 0.' J. Jpn. Soc. 0 Appl. 24.3 (2007): 225–230.",2.939,6.875791886516135,12.053889401061138
"Takahashi, Shuhei, et al. 'Effect of Ambient Gas on Flame Spread over a Solid Material in 0.' J. Jpn. Soc. 0 Appl. 24.3 (2007): 225–230.",4.254,6.858127510041914,12.041790835591534
"Takahashi, Shuhei, et al. 'Effect of Ambient Gas on Flame Spread over a Solid Material in 0.' J. Jpn. Soc. 0 Appl. 24.3 (2007): 225–230.",4.881,6.840639886046171,12.03076107270717
"Takahashi, Shuhei, et al. 'Effect of Ambient Gas on Flame Spread over a Solid Material in 0.' J. Jpn. Soc. 0 Appl. 24.3 (2007): 225–230.",5.35,6.82411350681698,12.021265455427383
"Takahashi, Shuhei, et al. 'Effect of Ambient Gas on Flame Spread over a Solid Material in 0.' J. Jpn. Soc. 0 Appl. 24.3 (2007): 225–230.",5.82,6.808639824659961,12.013296862896443
"Takahashi, Shuhei, et al. 'Effect of Ambient Gas on Flame Spread over a Solid Material in 0.' J. Jpn. Soc. 0 Appl. 24.3 (2007): 225–230.",2.777,6.465544177420053,7.682968292475937
"Takahashi, Shuhei, et al. 'Effect of Ambient Gas on Flame Spread over a Solid Material in 0.' J. Jpn. Soc. 0 Appl. 24.3 (2007): 225–230.",2.687,6.390677227370595,7.6318514377106474
"Takahashi, Shuhei, et al. 'Effect of Ambient Gas on Flame Spread over a Solid Material in 0.' J. Jpn. Soc. 0 Appl. 24.3 (2007): 225–230.",1.641,6.31484441237045,7.582174972187719
"Takahashi, Shuhei, et al. 'Effect of Ambient Gas on Flame Spread over a Solid Material in 0.' J. Jpn. Soc. 0 Appl. 24.3 (2007): 225–230.",0.947,6.237918689083269,7.533967435004095
"Takahashi, Shuhei, et al. 'Effect of Ambient Gas on Flame Spread over a Solid Material in 0.' J. Jpn. Soc. 0 Appl. 24.3 (2007): 225–230.",2.38,6.16123688386253,7.488134973700338
"Takahashi, Shuhei, et al. 'Effect of Ambient Gas on Flame Spread over a Solid Material in 0.' J. Jpn. Soc. 0 Appl. 24.3 (2007): 225–230.",3.201,6.080172570178579,7.442130260301596
"Takahashi, Shuhei, et al. 'Effect of Ambient Gas on Flame Spread over a Solid Material in 0.' J. Jpn. Soc. 0 Appl. 24.3 (2007): 225–230.",3.372,5.997459783812738,7.39781130687019
"Takahashi, Shuhei, et al. 'Effect of Ambient Gas on Flame Spread over a Solid Material in 0.' J. Jpn. Soc. 0 Appl. 24.3 (2007): 225–230.",3.282,5.914485775260212,7.35602778680541
"Takahashi, Shuhei, et al. 'Effect of Ambient Gas on Flame Spread over a Solid Material in 0.' J. Jpn. Soc. 0 Appl. 24.3 (2007): 225–230.",3.12,5.912900850332113,7.355255751928776
"Takahashi, Shuhei, et al. 'Effect of Ambient Gas on Flame Spread over a Solid Material in 0.' J. Jpn. Soc. 0 Appl. 24.3 (2007): 225–230.",2.146,6.675822240958597,0.7820746029726247
"Takahashi, Shuhei, et al. 'Effect of Ambient Gas on Flame Spread over a Solid Material in 0.' J. Jpn. Soc. 0 Appl. 24.3 (2007): 225–230.",1.912,6.619435989375175,0.78336655973075
"Takahashi, Shuhei, et al. 'Effect of Ambient Gas on Flame Spread over a Solid Material in 0.' J. Jpn. Soc. 0 Appl. 24.3 (2007): 225–230.",1.731,6.619435989375175,0.78336655973075
"Takahashi, Shuhei, et al. 'Effect of Ambient Gas on Flame Spread over a Solid Material in 0.' J. Jpn. Soc. 0 Appl. 24.3 (2007): 225–230.",0.776,6.558481767357032,0.7853314067095785
"Takahashi, Shuhei, et al. 'Effect of Ambient Gas on Flame Spread over a Solid Material in 0.' J. Jpn. Soc. 0 Appl. 24.3 (2007): 225–230.",0.569,6.496337545119696,0.7878554210253468
"Takahashi, Shuhei, et al. 'Effect of Ambient Gas on Flame Spread over a Solid Material in 0.' J. Jpn. Soc. 0 Appl. 24.3 (2007): 225–230.",0.334,6.497529616937875,0.7878024804290782
"Takahashi, Shuhei, et al. 'Effect of Ambient Gas on Flame Spread over a Solid Material in 0.' J. Jpn. Soc. 0 Appl. 24.3 (2007): 225–230.",1.317,6.431963930730465,0.7909585294035326
"Takahashi, Shuhei, et al. 'Effect of Ambient Gas on Flame Spread over a Solid Material in 0.' J. Jpn. Soc. 0 Appl. 24.3 (2007): 225–230.",1.461,6.364175456041416,0.7947158308763529
"Takahashi, Shuhei, et al. 'Effect of Ambient Gas on Flame Spread over a Solid Material in 0.' J. Jpn. Soc. 0 Appl. 24.3 (2007): 225–230.",1.93,6.295586640885261,0.7989997410396177
"Takahashi, Shuhei, et al. 'Effect of Ambient Gas on Flame Spread over a Solid Material in 0.' J. Jpn. Soc. 0 Appl. 24.3 (2007): 225–230.",2.182,6.223732469868809,0.8039953038022738
"Takahashi, Shuhei, et al. 'Effect of Ambient Gas on Flame Spread over a Solid Material in 0.' J. Jpn. Soc. 0 Appl. 24.3 (2007): 225–230.",1.434,5.024121409795589,6.39612232997195
"Takahashi, Shuhei, et al. 'Effect of Ambient Gas on Flame Spread over a Solid Material in 0.' J. Jpn. Soc. 0 Appl. 24.3 (2007): 225–230.",1.452,4.891272707873993,6.253674025812192
"Takahashi, Shuhei, et al. 'Effect of Ambient Gas on Flame Spread over a Solid Material in 0.' J. Jpn. Soc. 0 Appl. 24.3 (2007): 225–230.",1.254,4.891272707873995,6.253674025812195
"Takahashi, Shuhei, et al. 'Effect of Ambient Gas on Flame Spread over a Solid Material in 0.' J. Jpn. Soc. 0 Appl. 24.3 (2007): 225–230.",1.515,4.753575647218691,6.110131031152929
"Takahashi, Shuhei, et al. 'Effect of Ambient Gas on Flame Spread over a Solid Material in 0.' J. Jpn. Soc. 0 Appl. 24.3 (2007): 225–230.",1.47,4.608435294497979,5.963092475569135
"Takahashi, Shuhei, et al. 'Effect of Ambient Gas on Flame Spread over a Solid Material in 0.' J. Jpn. Soc. 0 Appl. 24.3 (2007): 225–230.",1.416,4.608435294497979,5.963092475569135
"Takahashi, Shuhei, et al. 'Effect of Ambient Gas on Flame Spread over a Solid Material in 0.' J. Jpn. Soc. 0 Appl. 24.3 (2007): 225–230.",2.002,4.461391916058469,5.818355113658965
"Takahashi, Shuhei, et al. 'Effect of Ambient Gas on Flame Spread over a Solid Material in 0.' J. Jpn. Soc. 0 Appl. 24.3 (2007): 225–230.",2.507,4.4642042458146545,5.8210847075144265
"Takahashi, Shuhei, et al. 'Effect of Ambient Gas on Flame Spread over a Solid Material in 0.' J. Jpn. Soc. 0 Appl. 24.3 (2007): 225–230.",2.678,4.309973043015108,5.673547594698771
"Takahashi, Shuhei, et al. 'Effect of Ambient Gas on Flame Spread over a Solid Material in 0.' J. Jpn. Soc. 0 Appl. 24.3 (2007): 225–230.",3.147,4.154385348105012,5.529038923363517
"Takahashi, Shuhei, et al. 'Effect of Ambient Gas on Flame Spread over a Solid Material in 0.' J. Jpn. Soc. 0 Appl. 24.3 (2007): 225–230.",3.525,3.9948372651596804,5.3851876692762035
"Takahashi, Shuhei, et al. 'Effect of Ambient Gas on Flame Spread over a Solid Material in 0.' J. Jpn. Soc. 0 Appl. 24.3 (2007): 225–230.",3.706,3.991788270381553,5.382480358061882
"Takahashi, Shuhei, et al. 'Effect of Ambient Gas on Flame Spread over a Solid Material in 0.' J. Jpn. Soc. 0 Appl. 24.3 (2007): 225–230.",2.829,-7.458714862482033,-0.23700578253567772
"Takahashi, Shuhei, et al. 'Effect of Ambient Gas on Flame Spread over a Solid Material in 0.' J. Jpn. Soc. 0 Appl. 24.3 (2007): 225–230.",1.926,-7.461599967904089,-0.2380154314074796
"Takahashi, Shuhei, et al. 'Effect of Ambient Gas on Flame Spread over a Solid Material in 0.' J. Jpn. Soc. 0 Appl. 24.3 (2007): 225–230.",0.473,-7.466229150745898,-0.2396356695925379
"Takahashi, Shuhei, et al. 'Effect of Ambient Gas on Flame Spread over a Solid Material in 0.' J. Jpn. Soc. 0 Appl. 24.3 (2007): 225–230.",1.005,-7.880938195241276,-0.3861452322959982
"Takahashi, Shuhei, et al. 'Effect of Ambient Gas on Flame Spread over a Solid Material in 0.' J. Jpn. Soc. 0 Appl. 24.3 (2007): 225–230.",0.924,-8.28532538941214,-0.5321029729870228
"Takahashi, Shuhei, et al. 'Effect of Ambient Gas on Flame Spread over a Solid Material in 0.' J. Jpn. Soc. 0 Appl. 24.3 (2007): 225–230.",0.446,-8.286756643531906,-0.5326259111366445
"Takahashi, Shuhei, et al. 'Effect of Ambient Gas on Flame Spread over a Solid Material in 0.' J. Jpn. Soc. 0 Appl. 24.3 (2007): 225–230.",0.671,-9.039423448839775,-0.8152290271109564
"Takahashi, Shuhei, et al. 'Effect of Ambient Gas on Flame Spread over a Solid Material in 0.' J. Jpn. Soc. 0 Appl. 24.3 (2007): 225–230.",1.592,-9.050795516021513,-0.8196306055612494
"Takahashi, Shuhei, et al. 'Effect of Ambient Gas on Flame Spread over a Solid Material in 0.' J. Jpn. Soc. 0 Appl. 24.3 (2007): 225–230.",1.727,-9.03647652231638,-0.8140891312844112
"Takahashi, Shuhei, et al. 'Effect of Ambient Gas on Flame Spread over a Solid Material in 0.' J. Jpn. Soc. 0 Appl. 24.3 (2007): 225–230.",1.782,-9.036316202551411,-0.8140271267068007
"Takahashi, Shuhei, et al. 'Effect of Ambient Gas on Flame Spread over a Solid Material in 0.' J. Jpn. Soc. 0 Appl. 24.3 (2007): 225–230.",2.287,-9.758107137793546,-1.1030637492082158
"Takahashi, Shuhei, et al. 'Effect of Ambient Gas on Flame Spread over a Solid Material in 0.' J. Jpn. Soc. 0 Appl. 24.3 (2007): 225–230.",2.54,-9.751050212146907,-1.100131339734119
"Takahashi, Shuhei, et al. 'Effect of Ambient Gas on Flame Spread over a Solid Material in 0.' J. Jpn. Soc. 0 Appl. 24.3 (2007): 225–230.",2.621,-10.08332640339796,-1.24086820474989
"Takahashi, Shuhei, et al. 'Effect of Ambient Gas on Flame Spread over a Solid Material in 0.' J. Jpn. Soc. 0 Appl. 24.3 (2007): 225–230.",1.845,-10.085232882221002,-1.2416922037752525
"Takahashi, Shuhei, et al. 'Effect of Ambient Gas on Flame Spread over a Solid Material in 0.' J. Jpn. Soc. 0 Appl. 24.3 (2007): 225–230.",1.755,-10.085460325515438,-1.2417905202374901
"Takahashi, Shuhei, et al. 'Effect of Ambient Gas on Flame Spread over a Solid Material in 0.' J. Jpn. Soc. 0 Appl. 24.3 (2007): 225–230.",1.691,-10.085611950316792,-1.2418560643558358
"Takahashi, Shuhei, et al. 'Effect of Ambient Gas on Flame Spread over a Solid Material in 0.' J. Jpn. Soc. 0 Appl. 24.3 (2007): 225–230.",1.484,5.2135601669634255,4.872303192570498
"Takahashi, Shuhei, et al. 'Effect of Ambient Gas on Flame Spread over a Solid Material in 0.' J. Jpn. Soc. 0 Appl. 24.3 (2007): 225–230.",1.032,5.213226602705943,4.872113290415575
"Takahashi, Shuhei, et al. 'Effect of Ambient Gas on Flame Spread over a Solid Material in 0.' J. Jpn. Soc. 0 Appl. 24.3 (2007): 225–230.",0.446,5.214642185917663,4.872919456288128
"Takahashi, Shuhei, et al. 'Effect of Ambient Gas on Flame Spread over a Solid Material in 0.' J. Jpn. Soc. 0 Appl. 24.3 (2007): 225–230.",1.529,5.114661804028891,4.817583305827957
"Takahashi, Shuhei, et al. 'Effect of Ambient Gas on Flame Spread over a Solid Material in 0.' J. Jpn. Soc. 0 Appl. 24.3 (2007): 225–230.",1.141,5.112400604550745,4.816368134911219
"Takahashi, Shuhei, et al. 'Effect of Ambient Gas on Flame Spread over a Solid Material in 0.' J. Jpn. Soc. 0 Appl. 24.3 (2007): 225–230.",1.186,5.0055801612441275,4.760669023581959
"Takahashi, Shuhei, et al. 'Effect of Ambient Gas on Flame Spread over a Solid Material in 0.' J. Jpn. Soc. 0 Appl. 24.3 (2007): 225–230.",0.969,5.007475253499244,4.76162910164012
"Takahashi, Shuhei, et al. 'Effect of Ambient Gas on Flame Spread over a Solid Material in 0.' J. Jpn. Soc. 0 Appl. 24.3 (2007): 225–230.",0.626,4.893915424088286,4.7057604879470025
"Takahashi, Shuhei, et al. 'Effect of Ambient Gas on Flame Spread over a Solid Material in 0.' J. Jpn. Soc. 0 Appl. 24.3 (2007): 225–230.",0.401,4.8915135205974725,4.704613938744783
"Takahashi, Shuhei, et al. 'Effect of Ambient Gas on Flame Spread over a Solid Material in 0.' J. Jpn. Soc. 0 Appl. 24.3 (2007): 225–230.",1.511,4.769719714313352,4.648236954137275
"Takahashi, Shuhei, et al. 'Effect of Ambient Gas on Flame Spread over a Solid Material in 0.' J. Jpn. Soc. 0 Appl. 24.3 (2007): 225–230.",1.628,4.644132920165232,4.5934385240718925
"Takahashi, Shuhei, et al. 'Effect of Ambient Gas on Flame Spread over a Solid Material in 0.' J. Jpn. Soc. 0 Appl. 24.3 (2007): 225–230.",1.962,4.505630316292002,4.536472757174184
"Takahashi, Shuhei, et al. 'Effect of Ambient Gas on Flame Spread over a Solid Material in 0.' J. Jpn. Soc. 0 Appl. 24.3 (2007): 225–230.",1.412,5.039743634358341,0.5521302063576352
"Takahashi, Shuhei, et al. 'Effect of Ambient Gas on Flame Spread over a Solid Material in 0.' J. Jpn. Soc. 0 Appl. 24.3 (2007): 225–230.",0.87,4.833722903639729,0.5181080345507783
"Takahashi, Shuhei, et al. 'Effect of Ambient Gas on Flame Spread over a Solid Material in 0.' J. Jpn. Soc. 0 Appl. 24.3 (2007): 225–230.",0.897,4.498371624354807,0.47300553237437115
"Takahashi, Shuhei, et al. 'Effect of Ambient Gas on Flame Spread over a Solid Material in 0.' J. Jpn. Soc. 0 Appl. 24.3 (2007): 225–230.",0.581,4.5003061989540765,0.4732408933096919
"Takahashi, Shuhei, et al. 'Effect of Ambient Gas on Flame Spread over a Solid Material in 0.' J. Jpn. Soc. 0 Appl. 24.3 (2007): 225–230.",0.861,4.381508463528547,0.4591671338285208
"Takahashi, Shuhei, et al. 'Effect of Ambient Gas on Flame Spread over a Solid Material in 0.' J. Jpn. Soc. 0 Appl. 24.3 (2007): 225–230.",1.195,4.2591220533554734,0.4453417431662168
"Vetturini, Anthony, Wohan Cui, Ya-Ting Liao, Sandra Olson, and Paul Ferkul. ""Flame Spread Over Ultra-thin Solids: Effect of Area Density and Concurrent-Opposed Spread Reversal Phenomenon."" Fire Technology 56 (2020): 91-111.",2.0,83.56885390780182,83.37258719054645
"Vetturini, Anthony, Wohan Cui, Ya-Ting Liao, Sandra Olson, and Paul Ferkul. ""Flame Spread Over Ultra-thin Solids: Effect of Area Density and Concurrent-Opposed Spread Reversal Phenomenon."" Fire Technology 56 (2020): 91-111.",20.8,83.56885390780182,83.37258719054645
"Vetturini, Anthony, Wohan Cui, Ya-Ting Liao, Sandra Olson, and Paul Ferkul. ""Flame Spread Over Ultra-thin Solids: Effect of Area Density and Concurrent-Opposed Spread Reversal Phenomenon."" Fire Technology 56 (2020): 91-111.",11.6,83.56885390780182,83.37258719054645
"Vetturini, Anthony, Wohan Cui, Ya-Ting Liao, Sandra Olson, and Paul Ferkul. ""Flame Spread Over Ultra-thin Solids: Effect of Area Density and Concurrent-Opposed Spread Reversal Phenomenon."" Fire Technology 56 (2020): 91-111.",126.8,79.67110253981978,81.57239218340601
"Vetturini, Anthony, Wohan Cui, Ya-Ting Liao, Sandra Olson, and Paul Ferkul. ""Flame Spread Over Ultra-thin Solids: Effect of Area Density and Concurrent-Opposed Spread Reversal Phenomenon."" Fire Technology 56 (2020): 91-111.",119.4,76.01135889546164,81.25443508085951
"Vetturini, Anthony, Wohan Cui, Ya-Ting Liao, Sandra Olson, and Paul Ferkul. ""Flame Spread Over Ultra-thin Solids: Effect of Area Density and Concurrent-Opposed Spread Reversal Phenomenon."" Fire Technology 56 (2020): 91-111.",164.8,84.72740602088838,81.98801815146626
"Vetturini, Anthony, Wohan Cui, Ya-Ting Liao, Sandra Olson, and Paul Ferkul. ""Flame Spread Over Ultra-thin Solids: Effect of Area Density and Concurrent-Opposed Spread Reversal Phenomenon."" Fire Technology 56 (2020): 91-111.",133.4,81.14724415718368,81.69331945468632
"Vetturini, Anthony, Wohan Cui, Ya-Ting Liao, Sandra Olson, and Paul Ferkul. ""Flame Spread Over Ultra-thin Solids: Effect of Area Density and Concurrent-Opposed Spread Reversal Phenomenon."" Fire Technology 56 (2020): 91-111.",115.3,84.17069754491924,81.94088675227994
"Vetturini, Anthony, Wohan Cui, Ya-Ting Liao, Sandra Olson, and Paul Ferkul. ""Flame Spread Over Ultra-thin Solids: Effect of Area Density and Concurrent-Opposed Spread Reversal Phenomenon."" Fire Technology 56 (2020): 91-111.",82.5,84.30614256021367,81.95227709551288
"Vetturini, Anthony, Wohan Cui, Ya-Ting Liao, Sandra Olson, and Paul Ferkul. ""Flame Spread Over Ultra-thin Solids: Effect of Area Density and Concurrent-Opposed Spread Reversal Phenomenon."" Fire Technology 56 (2020): 91-111.",35.8,79.74131133663954,81.57820199323709
"Vetturini, Anthony, Wohan Cui, Ya-Ting Liao, Sandra Olson, and Paul Ferkul. ""Flame Spread Over Ultra-thin Solids: Effect of Area Density and Concurrent-Opposed Spread Reversal Phenomenon."" Fire Technology 56 (2020): 91-111.",54.5,84.30614256021367,81.95227709551288
"Yusuke Konno, Shoryu Ishikawa, Nozomu Hashimoto, and Osamu Fujita. ""Downward flame spread and extinction over electric wires placed in a Ground."" Proceedings of the Combustion Institute 40 (2024): 105199.",6.9,1.1137747460523149,0.9961678731885986
"Yusuke Konno, Shoryu Ishikawa, Nozomu Hashimoto, and Osamu Fujita. ""Downward flame spread and extinction over electric wires placed in a Ground."" Proceedings of the Combustion Institute 40 (2024): 105199.",5.0,2.0349565683873676,1.968005833526231
"Yusuke Konno, Shoryu Ishikawa, Nozomu Hashimoto, and Osamu Fujita. ""Downward flame spread and extinction over electric wires placed in a Ground."" Proceedings of the Combustion Institute 40 (2024): 105199.",4.6,3.518653456067157,9.119467824985204
"Yusuke Konno, Shoryu Ishikawa, Nozomu Hashimoto, and Osamu Fujita. ""Downward flame spread and extinction over electric wires placed in a Ground."" Proceedings of the Combustion Institute 40 (2024): 105199.",3.8,13.586247168943393,19.650294751203106
"Yusuke Konno, Shoryu Ishikawa, Nozomu Hashimoto, and Osamu Fujita. ""Downward flame spread and extinction over electric wires placed in a Ground."" Proceedings of the Combustion Institute 40 (2024): 105199.",6.0,0.9660727943290464,0.8841059056969611
"Yusuke Konno, Shoryu Ishikawa, Nozomu Hashimoto, and Osamu Fujita. ""Downward flame spread and extinction over electric wires placed in a Ground."" Proceedings of the Combustion Institute 40 (2024): 105199.",3.2,1.550706112851101,1.8799990810983702
"Yusuke Konno, Shoryu Ishikawa, Nozomu Hashimoto, and Osamu Fujita. ""Downward flame spread and extinction over electric wires placed in a Ground."" Proceedings of the Combustion Institute 40 (2024): 105199.",5.8,0.9660727943290464,0.8841059056969611
"Yusuke Konno, Shoryu Ishikawa, Nozomu Hashimoto, and Osamu Fujita. ""Downward flame spread and extinction over electric wires placed in a Ground."" Proceedings of the Combustion Institute 40 (2024): 105199.",3.5,1.550706112851101,1.8799990810983702
"Yusuke Konno, Shoryu Ishikawa, Nozomu Hashimoto, and Osamu Fujita. ""Downward flame spread and extinction over electric wires placed in a Ground."" Proceedings of the Combustion Institute 40 (2024): 105199.",4.2,0.8470425687089962,0.7206723807577415
"Yusuke Konno, Shoryu Ishikawa, Nozomu Hashimoto, and Osamu Fujita. ""Downward flame spread and extinction over electric wires placed in a Ground."" Proceedings of the Combustion Institute 40 (2024): 105199.",4.0,0.8470425687089962,0.7206723807577415
"Yusuke Konno, Shoryu Ishikawa, Nozomu Hashimoto, and Osamu Fujita. ""Downward flame spread and extinction over electric wires placed in a Ground."" Proceedings of the Combustion Institute 40 (2024): 105199.",3.4,0.8470425687089962,0.7206723807577415
"Yusuke Konno, Shoryu Ishikawa, Nozomu Hashimoto, and Osamu Fujita. ""Downward flame spread and extinction over electric wires placed in a Ground."" Proceedings of the Combustion Institute 40 (2024): 105199.",2.1,0.7904517566266405,1.0872457290947708
"Yusuke Konno, Shoryu Ishikawa, Nozomu Hashimoto, and Osamu Fujita. ""Downward flame spread and extinction over electric wires placed in a Ground."" Proceedings of the Combustion Institute 40 (2024): 105199.",2.25,1.362347853089902,1.7333035727188124
"Yusuke Konno, Shoryu Ishikawa, Nozomu Hashimoto, and Osamu Fujita. ""Downward flame spread and extinction over electric wires placed in a Ground."" Proceedings of the Combustion Institute 40 (2024): 105199.",2.1,5.345739370100381,5.043635112781552
"Yusuke Konno, Shoryu Ishikawa, Nozomu Hashimoto, and Osamu Fujita. ""Downward flame spread and extinction over electric wires placed in a Ground."" Proceedings of the Combustion Institute 40 (2024): 105199.",1.8,15.323718954324876,13.351615300239843
"Yusuke Konno, Shoryu Ishikawa, Nozomu Hashimoto, and Osamu Fujita. ""Downward flame spread and extinction over electric wires placed in a Ground."" Proceedings of the Combustion Institute 40 (2024): 105199.",1.75,0.610466679223884,0.9889164654670846
"Yusuke Konno, Shoryu Ishikawa, Nozomu Hashimoto, and Osamu Fujita. ""Downward flame spread and extinction over electric wires placed in a Ground."" Proceedings of the Combustion Institute 40 (2024): 105199.",1.6,1.255350412549189,1.79272964973101
"Zhu, Feng, Zhanbin Lu, Shuangfeng Wang, and Yongli Yin. ""0 Diffusion Flame Spread over a Thick Solid in Step-Changed Low-Velocity Opposed Flows."" Combustion and Flame, vol. 205, 2019, pp. 55–67. https://doi.org/10.1016/j.combustflame.2019.03.040.",0.154,0.5626368551962662,-0.030860976469012202
"Zhu, Feng, Zhanbin Lu, Shuangfeng Wang, and Yongli Yin. ""0 Diffusion Flame Spread over a Thick Solid in Step-Changed Low-Velocity Opposed Flows."" Combustion and Flame, vol. 205, 2019, pp. 55–67. https://doi.org/10.1016/j.combustflame.2019.03.040.",0.102,0.5628764171049503,-0.04553653417227177
"Zhu, Feng, Zhanbin Lu, Shuangfeng Wang, and Yongli Yin. ""0 Diffusion Flame Spread over a Thick Solid in Step-Changed Low-Velocity Opposed Flows."" Combustion and Flame, vol. 205, 2019, pp. 55–67. https://doi.org/10.1016/j.combustflame.2019.03.040.",0.04,0.5631241108283715,-0.058917991854940954
"Zhu, Feng, Zhanbin Lu, Shuangfeng Wang, and Yongli Yin. ""0 Diffusion Flame Spread over a Thick Solid in Step-Changed Low-Velocity Opposed Flows."" Combustion and Flame, vol. 205, 2019, pp. 55–67. https://doi.org/10.1016/j.combustflame.2019.03.040.",0.139,0.438547953575674,-0.19966711678643168
"Zhu, Feng, Zhanbin Lu, Shuangfeng Wang, and Yongli Yin. ""0 Diffusion Flame Spread over a Thick Solid in Step-Changed Low-Velocity Opposed Flows."" Combustion and Flame, vol. 205, 2019, pp. 55–67. https://doi.org/10.1016/j.combustflame.2019.03.040.",0.096,0.43920530872402885,-0.21400107577087613
"Zhu, Feng, Zhanbin Lu, Shuangfeng Wang, and Yongli Yin. ""0 Diffusion Flame Spread over a Thick Solid in Step-Changed Low-Velocity Opposed Flows."" Combustion and Flame, vol. 205, 2019, pp. 55–67. https://doi.org/10.1016/j.combustflame.2019.03.040.",0.021,0.4398663200215496,-0.2269639183209684
"Zhu, Feng, Zhanbin Lu, Shuangfeng Wang, and Yongli Yin. ""0 Diffusion Flame Spread over a Thick Solid in Step-Changed Low-Velocity Opposed Flows."" Combustion and Flame, vol. 205, 2019, pp. 55–67. https://doi.org/10.1016/j.combustflame.2019.03.040.",0.028,0.24496746178458828,-0.38105338437876246
"Zhu, Feng, Zhanbin Lu, Shuangfeng Wang, and Yongli Yin. ""0 Diffusion Flame Spread over a Thick Solid in Step-Changed Low-Velocity Opposed Flows."" Combustion and Flame, vol. 205, 2019, pp. 55–67. https://doi.org/10.1016/j.combustflame.2019.03.040.",0.018,0.2461676436390623,-0.3935504936814638
